movie_award_id,movie_id,year_ceremony,ceremony,category,name_nominee,film_title,film_title_clean,match_key
1,,1928,1,ART DIRECTION,William Cameron Menzies,The Dove,the dove,the dove_1927
2,,1928,1,CINEMATOGRAPHY,Charles Rosher,Sunrise,sunrise,sunrise_1927
3,,1928,1,CINEMATOGRAPHY,Karl Struss,Sunrise,sunrise,sunrise_1927
4,,1928,1,ENGINEERING EFFECTS,Roy Pomeroy,Wings,wings,wings_1927
5,,1928,1,OUTSTANDING PICTURE,Paramount Famous Lasky,Wings,wings,wings_1927
6,,1928,1,UNIQUE AND ARTISTIC PICTURE,Fox,Sunrise,sunrise,sunrise_1927
7,,1928,1,WRITING (Adaptation),Benjamin Glazer,7th Heaven,7th heaven,7th heaven_1927
8,,1928,1,WRITING (Original Story),Ben Hecht,Underworld,underworld,underworld_1927
9,,1929,2,ART DIRECTION,Cedric Gibbons,The Bridge of San Luis Rey,the bridge of san luis rey,the bridge of san luis rey_1928
10,,1929,2,CINEMATOGRAPHY,Clyde De Vinna,White Shadows in the South Seas,white shadows in the south seas,white shadows in the south seas_1928
11,,1929,2,OUTSTANDING PICTURE,Metro-Goldwyn-Mayer,The Broadway Melody,the broadway melody,the broadway melody_1928
12,,1929,2,WRITING,Hans Kraly,The Patriot,the patriot,the patriot_1928
13,,1930,3,ART DIRECTION,Herman Rosse,King of Jazz,king of jazz,king of jazz_1929
14,,1930,3,CINEMATOGRAPHY,"Joseph T. Rucker, Willard Van Der Veer",With Byrd at the South Pole,with byrd at the south pole,with byrd at the south pole_1929
15,,1930,3,OUTSTANDING PRODUCTION,Universal,All Quiet on the Western Front,all quiet on the western front,all quiet on the western front_1929
16,,1930,3,SOUND RECORDING,"Metro-Goldwyn-Mayer Studio Sound Department, Douglas Shearer, Sound Director",The Big House,the big house,the big house_1929
17,,1930,3,WRITING,Frances Marion,The Big House,the big house,the big house_1929
18,,1931,4,ART DIRECTION,Max Rée,Cimarron,cimarron,cimarron_1930
19,,1931,4,CINEMATOGRAPHY,Floyd Crosby,Tabu,tabu,tabu_1930
20,,1931,4,OUTSTANDING PRODUCTION,RKO Radio,Cimarron,cimarron,cimarron_1930
21,,1931,4,WRITING (Adaptation),Howard Estabrook,Cimarron,cimarron,cimarron_1930
22,,1931,4,WRITING (Original Story),John Monk Saunders,The Dawn Patrol,the dawn patrol,the dawn patrol_1930
23,,1932,5,ART DIRECTION,Gordon Wiles,Transatlantic,transatlantic,transatlantic_1931
24,,1932,5,CINEMATOGRAPHY,Lee Garmes,Shanghai Express,shanghai express,shanghai express_1931
25,,1932,5,OUTSTANDING PRODUCTION,Metro-Goldwyn-Mayer,Grand Hotel,grand hotel,grand hotel_1931
26,,1932,5,SHORT SUBJECT (Cartoon),"Walt Disney, Producer",Flowers and Trees,flowers and trees,flowers and trees_1931
27,,1932,5,SHORT SUBJECT (Comedy),"Hal Roach, Producer",The Music Box,the music box,the music box_1931
28,,1932,5,SHORT SUBJECT (Novelty),"Mack Sennett, Producer",Wrestling Swordfish,wrestling swordfish,wrestling swordfish_1931
29,,1932,5,WRITING (Adaptation),Edwin Burke,Bad Girl,bad girl,bad girl_1931
30,,1932,5,WRITING (Original Story),Frances Marion,The Champ,the champ,the champ_1931
31,,1933,6,ART DIRECTION,William S. Darling,Cavalcade,cavalcade,cavalcade_1932
32,,1933,6,CINEMATOGRAPHY,"Charles Bryant Lang, Jr.",A Farewell to Arms,a farewell to arms,a farewell to arms_1932
33,,1933,6,OUTSTANDING PRODUCTION,Fox,Cavalcade,cavalcade,cavalcade_1932
34,,1933,6,SHORT SUBJECT (Cartoon),"Walt Disney, Producer",The Three Little Pigs,the three little pigs,the three little pigs_1932
35,,1933,6,SHORT SUBJECT (Comedy),"Louis Brock, Producer",So This Is Harris,so this is harris,so this is harris_1932
36,,1933,6,SHORT SUBJECT (Novelty),"Joe Rock, Producer",Krakatoa,krakatoa,krakatoa_1932
37,,1933,6,SOUND RECORDING,"Paramount Studio Sound Department, Franklin B. Hansen, Sound Director",A Farewell to Arms,a farewell to arms,a farewell to arms_1932
38,,1933,6,WRITING (Adaptation),"Victor Heerman, Sarah Y. Mason",Little Women,little women,little women_1932
39,,1933,6,WRITING (Original Story),Robert Lord,One Way Passage,one way passage,one way passage_1932
40,,1935,7,ART DIRECTION,"Cedric Gibbons, Fredric Hope",The Merry Widow,the merry widow,the merry widow_1934
41,,1935,7,ASSISTANT DIRECTOR,John Waters,Viva Villa!,viva villa!,viva villa!_1934
42,,1935,7,CINEMATOGRAPHY,Victor Milner,Cleopatra,cleopatra,cleopatra_1934
43,,1935,7,FILM EDITING,Conrad Nervig,Eskimo,eskimo,eskimo_1934
44,,1935,7,MUSIC (Scoring),"Columbia Studio Music Department, Louis Silvers, head of department  (Thematic Music by Victor Schertzinger and Gus Kahn)",One Night of Love,one night of love,one night of love_1934
45,,1935,7,MUSIC (Song),Music by Con Conrad; Lyrics by Herb Magidson,The Gay Divorcee,the gay divorcee,the gay divorcee_1934
46,,1935,7,OUTSTANDING PRODUCTION,Columbia,It Happened One Night,it happened one night,it happened one night_1934
47,,1935,7,SHORT SUBJECT (Cartoon),"Walt Disney, Producer",The Tortoise and the Hare,the tortoise and the hare,the tortoise and the hare_1934
48,,1935,7,SHORT SUBJECT (Comedy),"Kenneth Macgowan, Producer",La Cucaracha,la cucaracha,la cucaracha_1934
49,,1935,7,SHORT SUBJECT (Novelty),"Stacy Woodard and Horace Woodard, Producers",City of Wax,city of wax,city of wax_1934
50,,1935,7,SOUND RECORDING,"Columbia Studio Sound Department, John Livadary, Sound Director",One Night of Love,one night of love,one night of love_1934
51,,1935,7,WRITING (Adaptation),Robert Riskin,It Happened One Night,it happened one night,it happened one night_1934
52,,1935,7,WRITING (Original Story),Arthur Caesar,Manhattan Melodrama,manhattan melodrama,manhattan melodrama_1934
53,,1936,8,ART DIRECTION,Richard Day,The Dark Angel,the dark angel,the dark angel_1935
54,,1936,8,ASSISTANT DIRECTOR,"Clem Beauchamp, Paul Wing",The Lives of a Bengal Lancer,the lives of a bengal lancer,the lives of a bengal lancer_1935
55,,1936,8,CINEMATOGRAPHY,Hal Mohr,A Midsummer Night's Dream,a midsummer night's dream,a midsummer night's dream_1935
56,,1936,8,DANCE DIRECTION,Dave Gould,Broadway Melody of 1936,broadway melody of 1936,broadway melody of 1936_1935
57,,1936,8,FILM EDITING,Ralph Dawson,A Midsummer Night's Dream,a midsummer night's dream,a midsummer night's dream_1935
58,,1936,8,MUSIC (Scoring),"RKO Radio Studio Music Department, Max Steiner, head of department  (Score by Max Steiner)",The Informer,the informer,the informer_1935
59,,1936,8,MUSIC (Song),Music by Harry Warren; Lyrics by Al Dubin,Gold Diggers of 1935,gold diggers of 1935,gold diggers of 1935_1935
60,,1936,8,OUTSTANDING PRODUCTION,Metro-Goldwyn-Mayer,Mutiny on the Bounty,mutiny on the bounty,mutiny on the bounty_1935
61,,1936,8,SHORT SUBJECT (Cartoon),"Walt Disney, Producer",Three Orphan Kittens,three orphan kittens,three orphan kittens_1935
62,,1936,8,SHORT SUBJECT (Comedy),"Jack Chertok, Producer",How to Sleep,how to sleep,how to sleep_1935
63,,1936,8,SHORT SUBJECT (Novelty),Gaumont British and Skibo Productions,Wings over Mt. Everest,wings over mt everest,wings over mt everest_1935
64,,1936,8,SOUND RECORDING,"Metro-Goldwyn-Mayer Studio Sound Department, Douglas Shearer, Sound Director",Naughty Marietta,naughty marietta,naughty marietta_1935
65,,1936,8,WRITING (Original Story),"Ben Hecht, Charles MacArthur",The Scoundrel,the scoundrel,the scoundrel_1935
66,,1936,8,WRITING (Screenplay),Dudley Nichols,The Informer,the informer,the informer_1935
67,,1937,9,ART DIRECTION,Richard Day,Dodsworth,dodsworth,dodsworth_1936
68,,1937,9,ASSISTANT DIRECTOR,Jack Sullivan,The Charge of the Light Brigade,the charge of the light brigade,the charge of the light brigade_1936
69,,1937,9,CINEMATOGRAPHY,Gaetano Gaudio,Anthony Adverse,anthony adverse,anthony adverse_1936
70,,1937,9,DANCE DIRECTION,Seymour Felix,The Great Ziegfeld,the great ziegfeld,the great ziegfeld_1936
71,,1937,9,FILM EDITING,Ralph Dawson,Anthony Adverse,anthony adverse,anthony adverse_1936
72,,1937,9,MUSIC (Scoring),"Warner Bros. Studio Music Department, Leo Forbstein, head of department  (Score by Erich Wolfgang Korngold)",Anthony Adverse,anthony adverse,anthony adverse_1936
73,,1937,9,MUSIC (Song),Music by Jerome Kern; Lyrics by Dorothy Fields,Swing Time,swing time,swing time_1936
74,,1937,9,OUTSTANDING PRODUCTION,Metro-Goldwyn-Mayer,The Great Ziegfeld,the great ziegfeld,the great ziegfeld_1936
75,,1937,9,SHORT SUBJECT (Cartoon),"Walt Disney, Producer",The Country Cousin,the country cousin,the country cousin_1936
76,,1937,9,SHORT SUBJECT (Color),Warner Bros.,Give Me Liberty,give me liberty,give me liberty_1936
77,,1937,9,SHORT SUBJECT (One-reel),"Hal Roach, Producer",Bored of Education,bored of education,bored of education_1936
78,,1937,9,SHORT SUBJECT (Two-reel),Metro-Goldwyn-Mayer,The Public Pays,the public pays,the public pays_1936
79,,1937,9,SOUND RECORDING,"Metro-Goldwyn-Mayer Studio Sound Department, Douglas Shearer, Sound Director",San Francisco,san francisco,san francisco_1936
80,,1937,9,WRITING (Original Story),"Pierre Collings, Sheridan Gibney",The Story of Louis Pasteur,the story of louis pasteur,the story of louis pasteur_1936
81,,1937,9,WRITING (Screenplay),"Pierre Collings, Sheridan Gibney",The Story of Louis Pasteur,the story of louis pasteur,the story of louis pasteur_1936
82,,1938,10,ART DIRECTION,Stephen Goosson,Lost Horizon,lost horizon,lost horizon_1937
83,,1938,10,ASSISTANT DIRECTOR,Robert Webb,In Old Chicago,in old chicago,in old chicago_1937
84,,1938,10,CINEMATOGRAPHY,Karl Freund,The Good Earth,the good earth,the good earth_1937
85,,1938,10,DANCE DIRECTION,Hermes Pan,A Damsel in Distress,a damsel in distress,a damsel in distress_1937
86,,1938,10,FILM EDITING,"Gene Havlick, Gene Milford",Lost Horizon,lost horizon,lost horizon_1937
87,,1938,10,MUSIC (Scoring),"Universal Studio Music Department, Charles Previn, head of department  (no composer credit)",One Hundred Men and a Girl,one hundred men and a girl,one hundred men and a girl_1937
88,,1938,10,MUSIC (Song),Music and Lyrics by Harry Owens,Waikiki Wedding,waikiki wedding,waikiki wedding_1937
89,,1938,10,OUTSTANDING PRODUCTION,Warner Bros.,The Life of Emile Zola,the life of emile zola,the life of emile zola_1937
90,,1938,10,SHORT SUBJECT (Cartoon),"Walt Disney, Producer",The Old Mill,the old mill,the old mill_1937
91,,1938,10,SHORT SUBJECT (Color),"Pete Smith, Producer",Penny Wisdom,penny wisdom,penny wisdom_1937
92,,1938,10,SHORT SUBJECT (One-reel),Skibo Productions,The Private Life of the Gannets,the private life of the gannets,the private life of the gannets_1937
93,,1938,10,SHORT SUBJECT (Two-reel),Metro-Goldwyn-Mayer,Torture Money,torture money,torture money_1937
94,,1938,10,SOUND RECORDING,"United Artists Studio Sound Department, Thomas T. Moulton, Sound Director",The Hurricane,the hurricane,the hurricane_1937
95,,1938,10,WRITING (Original Story),"William A. Wellman, Robert Carson",A Star Is Born,a star is born,a star is born_1937
96,,1938,10,WRITING (Screenplay),"Norman Reilly Raine, Heinz Herald, Geza Herczeg",The Life of Emile Zola,the life of emile zola,the life of emile zola_1937
97,,1939,11,ART DIRECTION,Carl J. Weyl,The Adventures of Robin Hood,the adventures of robin hood,the adventures of robin hood_1938
98,,1939,11,CINEMATOGRAPHY,Joseph Ruttenberg,The Great Waltz,the great waltz,the great waltz_1938
99,,1939,11,FILM EDITING,Ralph Dawson,The Adventures of Robin Hood,the adventures of robin hood,the adventures of robin hood_1938
100,,1939,11,MUSIC (Original Score),Erich Wolfgang Korngold,The Adventures of Robin Hood,the adventures of robin hood,the adventures of robin hood_1938
101,,1939,11,MUSIC (Scoring),Alfred Newman,Alexander's Ragtime Band,alexander's ragtime band,alexander's ragtime band_1938
102,,1939,11,MUSIC (Song),Music by Ralph Rainger; Lyrics by Leo Robin,The Big Broadcast of 1938,the big broadcast of 1938,the big broadcast of 1938_1938
103,,1939,11,OUTSTANDING PRODUCTION,Columbia,You Can't Take It with You,you can't take it with you,you can't take it with you_1938
104,,1939,11,SHORT SUBJECT (Cartoon),"Walt Disney, Producer",Ferdinand the Bull,ferdinand the bull,ferdinand the bull_1938
105,,1939,11,SHORT SUBJECT (One-reel),Metro-Goldwyn-Mayer,That Mothers Might Live,that mothers might live,that mothers might live_1938
106,,1939,11,SHORT SUBJECT (Two-reel),Warner Bros.,Declaration of Independence,declaration of independence,declaration of independence_1938
107,,1939,11,SOUND RECORDING,"United Artists Studio Sound Department, Thomas T. Moulton, Sound Director",The Cowboy and the Lady,the cowboy and the lady,the cowboy and the lady_1938
108,,1939,11,WRITING (Original Story),"Dore Schary, Eleanore Griffin",Boys Town,boys town,boys town_1938
109,,1939,11,WRITING (Screenplay),"Screenplay and Dialogue by George Bernard Shaw; Adaptation by W. P. Lipscomb, Cecil Lewis, Ian Dalrymple",Pygmalion,pygmalion,pygmalion_1938
110,,1940,12,ART DIRECTION,Lyle Wheeler,Gone with the Wind,gone with the wind,gone with the wind_1939
111,,1940,12,CINEMATOGRAPHY (Black-and-White),Gregg Toland,Wuthering Heights,wuthering heights,wuthering heights_1939
112,,1940,12,CINEMATOGRAPHY (Color),"Ernest Haller, Ray Rennahan",Gone with the Wind,gone with the wind,gone with the wind_1939
113,,1940,12,FILM EDITING,"Hal C. Kern, James E. Newcom",Gone with the Wind,gone with the wind,gone with the wind_1939
114,,1940,12,MUSIC (Original Score),Herbert Stothart,The Wizard of Oz,the wizard of oz,the wizard of oz_1939
115,,1940,12,MUSIC (Scoring),"Richard Hageman, Frank Harling, John Leipold, Leo Shuken",Stagecoach,stagecoach,stagecoach_1939
116,,1940,12,MUSIC (Song),Music by Harold Arlen; Lyrics by E. Y. Harburg,The Wizard of Oz,the wizard of oz,the wizard of oz_1939
117,,1940,12,OUTSTANDING PRODUCTION,Selznick International Pictures,Gone with the Wind,gone with the wind,gone with the wind_1939
118,,1940,12,SHORT SUBJECT (Cartoon),"Walt Disney, Producer",The Ugly Duckling,the ugly duckling,the ugly duckling_1939
119,,1940,12,SHORT SUBJECT (One-reel),Paramount,Busy Little Bears,busy little bears,busy little bears_1939
120,,1940,12,SHORT SUBJECT (Two-reel),Warner Bros.,Sons of Liberty,sons of liberty,sons of liberty_1939
121,,1940,12,SOUND RECORDING,"Universal Studio Sound Department, Bernard B. Brown, Sound Director",When Tomorrow Comes,when tomorrow comes,when tomorrow comes_1939
122,,1940,12,SPECIAL EFFECTS,"Fred Sersen, E. H. Hansen",The Rains Came,the rains came,the rains came_1939
123,,1940,12,WRITING (Original Story),Lewis R. Foster,Mr. Smith Goes to Washington,mr smith goes to washington,mr smith goes to washington_1939
124,,1940,12,WRITING (Screenplay),Sidney Howard,Gone with the Wind,gone with the wind,gone with the wind_1939
125,,1941,13,ART DIRECTION (Black-and-White),"Cedric Gibbons, Paul Groesse",Pride and Prejudice,pride and prejudice,pride and prejudice_1940
126,,1941,13,ART DIRECTION (Color),Vincent Korda,The Thief of Bagdad,the thief of bagdad,the thief of bagdad_1940
127,,1941,13,CINEMATOGRAPHY (Black-and-White),George Barnes,Rebecca,rebecca,rebecca_1940
128,,1941,13,CINEMATOGRAPHY (Color),Georges Périnal,The Thief of Bagdad,the thief of bagdad,the thief of bagdad_1940
129,,1941,13,FILM EDITING,Anne Bauchens,North West Mounted Police,north west mounted police,north west mounted police_1940
130,,1941,13,MUSIC (Original Score),"Leigh Harline, Paul J. Smith, Ned Washington",Pinocchio,pinocchio,pinocchio_1940
131,,1941,13,MUSIC (Scoring),Alfred Newman,Tin Pan Alley,tin pan alley,tin pan alley_1940
132,,1941,13,MUSIC (Song),Music by Leigh Harline; Lyrics by Ned Washington,Pinocchio,pinocchio,pinocchio_1940
133,,1941,13,OUTSTANDING PRODUCTION,Selznick International Pictures,Rebecca,rebecca,rebecca_1940
134,,1941,13,SHORT SUBJECT (Cartoon),Metro-Goldwyn-Mayer,The Milky Way,the milky way,the milky way_1940
135,,1941,13,SHORT SUBJECT (One-reel),"Pete Smith, Producer",Quicker 'N a Wink,quicker 'n a wink,quicker 'n a wink_1940
136,,1941,13,SHORT SUBJECT (Two-reel),Warner Bros.,"Teddy, the Rough Rider","teddy, the rough rider","teddy, the rough rider_1940"
137,,1941,13,SOUND RECORDING,"Metro-Goldwyn-Mayer Studio Sound Department, Douglas Shearer, Sound Director",Strike Up the Band,strike up the band,strike up the band_1940
138,,1941,13,SPECIAL EFFECTS,Photographic Effects by Lawrence Butler; Sound Effects by Jack Whitney,The Thief of Bagdad,the thief of bagdad,the thief of bagdad_1940
139,,1941,13,WRITING (Original Screenplay),Preston Sturges,The Great McGinty,the great mcginty,the great mcginty_1940
140,,1941,13,WRITING (Original Story),"Benjamin Glazer, John S. Toldy","Arise, My Love","arise, my love","arise, my love_1940"
141,,1941,13,WRITING (Screenplay),Donald Ogden Stewart,The Philadelphia Story,the philadelphia story,the philadelphia story_1940
142,,1942,14,ART DIRECTION (Black-and-White),"Art Direction:  Richard Day, Nathan Juran;  Interior Decoration:  Thomas Little",How Green Was My Valley,how green was my valley,how green was my valley_1941
143,,1942,14,ART DIRECTION (Color),"Art Direction:  Cedric Gibbons, Urie McCleary;  Interior Decoration:  Edwin B. Willis",Blossoms in the Dust,blossoms in the dust,blossoms in the dust_1941
144,,1942,14,CINEMATOGRAPHY (Black-and-White),Arthur Miller,How Green Was My Valley,how green was my valley,how green was my valley_1941
145,,1942,14,CINEMATOGRAPHY (Color),"Ernest Palmer, Ray Rennahan",Blood and Sand,blood and sand,blood and sand_1941
146,,1942,14,DOCUMENTARY (Short Subject),National Film Board of Canada,Churchill's Island,churchill's island,churchill's island_1941
147,,1942,14,FILM EDITING,William Holmes,Sergeant York,sergeant york,sergeant york_1941
148,,1942,14,MUSIC (Music Score of a Dramatic Picture),Bernard Herrmann,All That Money Can Buy,all that money can buy,all that money can buy_1941
149,,1942,14,MUSIC (Scoring of a Musical Picture),"Frank Churchill, Oliver Wallace",Dumbo,dumbo,dumbo_1941
150,,1942,14,MUSIC (Song),Music by Jerome Kern; Lyrics by Oscar Hammerstein II,Lady Be Good,lady be good,lady be good_1941
151,,1942,14,OUTSTANDING MOTION PICTURE,20th Century-Fox,How Green Was My Valley,how green was my valley,how green was my valley_1941
152,,1942,14,SHORT SUBJECT (Cartoon),"Walt Disney, Producer",Lend a Paw,lend a paw,lend a paw_1941
153,,1942,14,SHORT SUBJECT (One-reel),Metro-Goldwyn-Mayer,Of Pups and Puzzles,of pups and puzzles,of pups and puzzles_1941
154,,1942,14,SHORT SUBJECT (Two-reel),Metro-Goldwyn-Mayer,Main Street on the March!,main street on the march!,main street on the march!_1941
155,,1942,14,SOUND RECORDING,"General Service Sound Department, Jack Whitney, Sound Director",That Hamilton Woman,that hamilton woman,that hamilton woman_1941
156,,1942,14,SPECIAL EFFECTS,"Photographic Effects by Farciot Edouart, Gordon Jennings; Sound Effects by Louis Mesenkop",I Wanted Wings,i wanted wings,i wanted wings_1941
157,,1942,14,WRITING (Original Screenplay),"Herman J. Mankiewicz, Orson Welles",Citizen Kane,citizen kane,citizen kane_1941
158,,1942,14,WRITING (Original Story),Harry Segall,Here Comes Mr. Jordan,here comes mr jordan,here comes mr jordan_1941
159,,1942,14,WRITING (Screenplay),"Sidney Buchman, Seton I. Miller",Here Comes Mr. Jordan,here comes mr jordan,here comes mr jordan_1941
160,,1943,15,ART DIRECTION (Black-and-White),"Art Direction:  Richard Day, Joseph Wright;  Interior Decoration:  Thomas Little",This above All,this above all,this above all_1942
161,,1943,15,ART DIRECTION (Color),"Art Direction:  Richard Day, Joseph Wright;  Interior Decoration:  Thomas Little",My Gal Sal,my gal sal,my gal sal_1942
162,,1943,15,CINEMATOGRAPHY (Black-and-White),Joseph Ruttenberg,Mrs. Miniver,mrs miniver,mrs miniver_1942
163,,1943,15,CINEMATOGRAPHY (Color),Leon Shamroy,The Black Swan,the black swan,the black swan_1942
164,,1943,15,DOCUMENTARY,Australian News & Information Bureau,Kokoda Front Line!,kokoda front line!,kokoda front line!_1942
165,,1943,15,DOCUMENTARY,Artkino,Moscow Strikes Back,moscow strikes back,moscow strikes back_1942
166,,1943,15,DOCUMENTARY,United States Army Special Services,Prelude to War,prelude to war,prelude to war_1942
167,,1943,15,DOCUMENTARY,United States Navy,The Battle of Midway,the battle of midway,the battle of midway_1942
168,,1943,15,FILM EDITING,Daniel Mandell,The Pride of the Yankees,the pride of the yankees,the pride of the yankees_1942
169,,1943,15,MUSIC (Music Score of a Dramatic or Comedy Picture),Max Steiner,"Now, Voyager","now, voyager","now, voyager_1942"
170,,1943,15,MUSIC (Scoring of a Musical Picture),"Ray Heindorf, Heinz Roemheld",Yankee Doodle Dandy,yankee doodle dandy,yankee doodle dandy_1942
171,,1943,15,MUSIC (Song),Music and Lyrics by Irving Berlin,Holiday Inn,holiday inn,holiday inn_1942
172,,1943,15,OUTSTANDING MOTION PICTURE,Metro-Goldwyn-Mayer,Mrs. Miniver,mrs miniver,mrs miniver_1942
173,,1943,15,SHORT SUBJECT (Cartoon),"Walt Disney, Producer",Der Fuehrer's Face,der fuehrer's face,der fuehrer's face_1942
174,,1943,15,SHORT SUBJECT (One-reel),Paramount,Speaking of Animals and Their Families,speaking of animals and their families,speaking of animals and their families_1942
175,,1943,15,SHORT SUBJECT (Two-reel),Warner Bros.,Beyond the Line of Duty,beyond the line of duty,beyond the line of duty_1942
176,,1943,15,SOUND RECORDING,"Warner Bros. Studio Sound Department, Nathan Levinson, Sound Director",Yankee Doodle Dandy,yankee doodle dandy,yankee doodle dandy_1942
177,,1943,15,SPECIAL EFFECTS,"Photographic Effects by Gordon Jennings, Farciot Edouart, William L. Pereira; Sound Effects by Louis Mesenkop",Reap the Wild Wind,reap the wild wind,reap the wild wind_1942
178,,1943,15,WRITING (Original Motion Picture Story),Emeric Pressburger,The Invaders,the invaders,the invaders_1942
179,,1943,15,WRITING (Original Screenplay),"Ring Lardner, Jr., Michael Kanin",Woman of the Year,woman of the year,woman of the year_1942
180,,1943,15,WRITING (Screenplay),"Arthur Wimperis, George Froeschel, James Hilton, Claudine West",Mrs. Miniver,mrs miniver,mrs miniver_1942
181,,1944,16,ART DIRECTION (Black-and-White),"Art Direction:  James Basevi, William Darling;  Interior Decoration:  Thomas Little",The Song of Bernadette,the song of bernadette,the song of bernadette_1943
182,,1944,16,ART DIRECTION (Color),"Art Direction:  John B. Goodman, Alexander Golitzen;  Interior Decoration:  Russell A. Gausman, Ira S. Webb",Phantom of the Opera,phantom of the opera,phantom of the opera_1943
183,,1944,16,CINEMATOGRAPHY (Black-and-White),Arthur Miller,The Song of Bernadette,the song of bernadette,the song of bernadette_1943
184,,1944,16,CINEMATOGRAPHY (Color),"Hal Mohr, W. Howard Greene",Phantom of the Opera,phantom of the opera,phantom of the opera_1943
185,,1944,16,DOCUMENTARY (Feature),British Ministry of Information,Desert Victory,desert victory,desert victory_1943
186,,1944,16,DOCUMENTARY (Short Subject),United States Navy,December 7th,december 7th,december 7th_1943
187,,1944,16,FILM EDITING,George Amy,Air Force,air force,air force_1943
188,,1944,16,MUSIC (Music Score of a Dramatic or Comedy Picture),Alfred Newman,The Song of Bernadette,the song of bernadette,the song of bernadette_1943
189,,1944,16,MUSIC (Scoring of a Musical Picture),Ray Heindorf,This Is the Army,this is the army,this is the army_1943
190,,1944,16,MUSIC (Song),Music by Harry Warren; Lyrics by Mack Gordon,"Hello, Frisco, Hello","hello, frisco, hello","hello, frisco, hello_1943"
191,,1944,16,OUTSTANDING MOTION PICTURE,Warner Bros.,Casablanca,casablanca,casablanca_1943
192,,1944,16,SHORT SUBJECT (Cartoon),"Frederick Quimby, Producer",Yankee Doodle Mouse,yankee doodle mouse,yankee doodle mouse_1943
193,,1944,16,SHORT SUBJECT (One-reel),"Grantland Rice, Producer",Amphibious Fighters,amphibious fighters,amphibious fighters_1943
194,,1944,16,SHORT SUBJECT (Two-reel),"Jerry Bresler and Sam Coslow, Producers",Heavenly Music,heavenly music,heavenly music_1943
195,,1944,16,SOUND RECORDING,"RKO Radio Studio Sound Department, Stephen Dunn, Sound Director",This Land Is Mine,this land is mine,this land is mine_1943
196,,1944,16,SPECIAL EFFECTS,Photographic Effects by Fred Sersen; Sound Effects by Roger Heman,Crash Dive,crash dive,crash dive_1943
197,,1944,16,WRITING (Original Motion Picture Story),William Saroyan,The Human Comedy,the human comedy,the human comedy_1943
198,,1944,16,WRITING (Original Screenplay),Norman Krasna,Princess O'Rourke,princess o'rourke,princess o'rourke_1943
199,,1944,16,WRITING (Screenplay),"Julius J. Epstein, Philip G. Epstein, Howard Koch",Casablanca,casablanca,casablanca_1943
200,,1945,17,ART DIRECTION (Black-and-White),"Art Direction:  Cedric Gibbons, William Ferrari;  Interior Decoration:  Edwin B. Willis, Paul Huldschinsky",Gaslight,gaslight,gaslight_1944
201,,1945,17,ART DIRECTION (Color),Art Direction:  Wiard Ihnen;  Interior Decoration:  Thomas Little,Wilson,wilson,wilson_1944
202,,1945,17,BEST MOTION PICTURE,Paramount,Going My Way,going my way,going my way_1944
203,,1945,17,CINEMATOGRAPHY (Black-and-White),Joseph LaShelle,Laura,laura,laura_1944
204,,1945,17,CINEMATOGRAPHY (Color),Leon Shamroy,Wilson,wilson,wilson_1944
205,,1945,17,DOCUMENTARY (Feature),United States Navy,The Fighting Lady,the fighting lady,the fighting lady_1944
206,,1945,17,DOCUMENTARY (Short Subject),United States Marine Corps,With the Marines at Tarawa,with the marines at tarawa,with the marines at tarawa_1944
207,,1945,17,FILM EDITING,Barbara McLean,Wilson,wilson,wilson_1944
208,,1945,17,MUSIC (Music Score of a Dramatic or Comedy Picture),Max Steiner,Since You Went Away,since you went away,since you went away_1944
209,,1945,17,MUSIC (Scoring of a Musical Picture),"Morris Stoloff, Carmen Dragon",Cover Girl,cover girl,cover girl_1944
210,,1945,17,MUSIC (Song),Music by James Van Heusen; Lyrics by Johnny Burke,Going My Way,going my way,going my way_1944
211,,1945,17,SHORT SUBJECT (Cartoon),"Frederick C. Quimby, Producer",Mouse Trouble,mouse trouble,mouse trouble_1944
212,,1945,17,SHORT SUBJECT (One-reel),"Jerry Fairbanks, Producer",Who's Who in Animal Land,who's who in animal land,who's who in animal land_1944
213,,1945,17,SHORT SUBJECT (Two-reel),"Gordon Hollingshead, Producer",I Won't Play,i won't play,i won't play_1944
214,,1945,17,SOUND RECORDING,"20th Century-Fox Studio Sound Department, E. H. Hansen, Sound Director",Wilson,wilson,wilson_1944
215,,1945,17,SPECIAL EFFECTS,"Photographic Effects by A. Arnold Gillespie, Donald Jahraus, Warren Newcombe; Sound Effects by Douglas Shearer",Thirty Seconds over Tokyo,thirty seconds over tokyo,thirty seconds over tokyo_1944
216,,1945,17,WRITING (Original Motion Picture Story),Leo McCarey,Going My Way,going my way,going my way_1944
217,,1945,17,WRITING (Original Screenplay),Lamar Trotti,Wilson,wilson,wilson_1944
218,,1945,17,WRITING (Screenplay),"Frank Butler, Frank Cavett",Going My Way,going my way,going my way_1944
219,,1946,18,ART DIRECTION (Black-and-White),Art Direction:  Wiard Ihnen;  Interior Decoration:  A. Roland Fields,Blood on the Sun,blood on the sun,blood on the sun_1945
220,,1946,18,ART DIRECTION (Color),"Art Direction:  Hans Dreier, Ernst Fegte;  Interior Decoration:  Sam Comer",Frenchman's Creek,frenchman's creek,frenchman's creek_1945
221,,1946,18,BEST MOTION PICTURE,Paramount,The Lost Weekend,the lost weekend,the lost weekend_1945
222,,1946,18,CINEMATOGRAPHY (Black-and-White),Harry Stradling,The Picture of Dorian Gray,the picture of dorian gray,the picture of dorian gray_1945
223,,1946,18,CINEMATOGRAPHY (Color),Leon Shamroy,Leave Her to Heaven,leave her to heaven,leave her to heaven_1945
224,,1946,18,DOCUMENTARY (Feature),The Governments of Great Britain and the United States of America,The True Glory,the true glory,the true glory_1945
225,,1946,18,DOCUMENTARY (Short Subject),"Gordon Hollingshead, Producer",Hitler Lives?,hitler lives?,hitler lives?_1945
226,,1946,18,FILM EDITING,Robert J. Kern,National Velvet,national velvet,national velvet_1945
227,,1946,18,MUSIC (Music Score of a Dramatic or Comedy Picture),Miklos Rozsa,Spellbound,spellbound,spellbound_1945
228,,1946,18,MUSIC (Scoring of a Musical Picture),Georgie Stoll,Anchors Aweigh,anchors aweigh,anchors aweigh_1945
229,,1946,18,MUSIC (Song),Music by Richard Rodgers; Lyrics by Oscar Hammerstein II,State Fair,state fair,state fair_1945
230,,1946,18,SHORT SUBJECT (Cartoon),"Frederick Quimby, Producer",Quiet Please!,quiet please!,quiet please!_1945
231,,1946,18,SHORT SUBJECT (One-reel),"Herbert Moulton, Producer;  Jerry Bresler, Executive Producer",Stairway to Light,stairway to light,stairway to light_1945
232,,1946,18,SHORT SUBJECT (Two-reel),"Gordon Hollingshead, Producer",Star in the Night,star in the night,star in the night_1945
233,,1946,18,SOUND RECORDING,"RKO Radio Studio Sound Department, Stephen Dunn, Sound Director",The Bells of St. Mary's,the bells of st mary's,the bells of st mary's_1945
234,,1946,18,SPECIAL EFFECTS,Photographic Effects by John Fulton; Sound Effects by Arthur W. Johns,Wonder Man,wonder man,wonder man_1945
235,,1946,18,WRITING (Original Motion Picture Story),Charles G. Booth,The House on 92nd Street,the house on 92nd street,the house on 92nd street_1945
236,,1946,18,WRITING (Original Screenplay),Richard Schweizer,Marie-Louise,marie louise,marie louise_1945
237,,1946,18,WRITING (Screenplay),"Charles Brackett, Billy Wilder",The Lost Weekend,the lost weekend,the lost weekend_1945
238,,1947,19,ART DIRECTION (Black-and-White),"Art Direction:  Lyle Wheeler, William Darling;  Interior Decoration:  Thomas Little, Frank E. Hughes",Anna and the King of Siam,anna and the king of siam,anna and the king of siam_1946
239,,1947,19,ART DIRECTION (Color),"Art Direction:  Cedric Gibbons, Paul Groesse;  Interior Decoration:  Edwin B. Willis",The Yearling,the yearling,the yearling_1946
240,,1947,19,BEST MOTION PICTURE,Samuel Goldwyn Productions,The Best Years of Our Lives,the best years of our lives,the best years of our lives_1946
241,,1947,19,CINEMATOGRAPHY (Black-and-White),Arthur Miller,Anna and the King of Siam,anna and the king of siam,anna and the king of siam_1946
242,,1947,19,CINEMATOGRAPHY (Color),"Charles Rosher, Leonard Smith, Arthur Arling",The Yearling,the yearling,the yearling_1946
243,,1947,19,DOCUMENTARY (Short Subject),United States Department of War,Seeds of Destiny,seeds of destiny,seeds of destiny_1946
244,,1947,19,FILM EDITING,Daniel Mandell,The Best Years of Our Lives,the best years of our lives,the best years of our lives_1946
245,,1947,19,MUSIC (Music Score of a Dramatic or Comedy Picture),Hugo Friedhofer,The Best Years of Our Lives,the best years of our lives,the best years of our lives_1946
246,,1947,19,MUSIC (Scoring of a Musical Picture),Morris Stoloff,The Jolson Story,the jolson story,the jolson story_1946
247,,1947,19,MUSIC (Song),Music by Harry Warren; Lyrics by Johnny Mercer,The Harvey Girls,the harvey girls,the harvey girls_1946
248,,1947,19,SHORT SUBJECT (Cartoon),"Frederick Quimby, Producer",The Cat Concerto,the cat concerto,the cat concerto_1946
249,,1947,19,SHORT SUBJECT (One-reel),"Gordon Hollingshead, Producer",Facing Your Danger,facing your danger,facing your danger_1946
250,,1947,19,SHORT SUBJECT (Two-reel),"Gordon Hollingshead, Producer",A Boy and His Dog,a boy and his dog,a boy and his dog_1946
251,,1947,19,SOUND RECORDING,"Columbia Studio Sound Department, John Livadary, Sound Director",The Jolson Story,the jolson story,the jolson story_1946
252,,1947,19,SPECIAL EFFECTS,Special Visual Effects by Thomas Howard,Blithe Spirit,blithe spirit,blithe spirit_1946
253,,1947,19,WRITING (Original Motion Picture Story),Clemence Dane,Vacation from Marriage,vacation from marriage,vacation from marriage_1946
254,,1947,19,WRITING (Original Screenplay),"Muriel Box, Sydney Box",The Seventh Veil,the seventh veil,the seventh veil_1946
255,,1947,19,WRITING (Screenplay),Robert E. Sherwood,The Best Years of Our Lives,the best years of our lives,the best years of our lives_1946
256,,1948,20,ART DIRECTION (Black-and-White),Art Direction:  John Bryan;  Set Decoration:  Wilfred Shingleton,Great Expectations,great expectations,great expectations_1947
257,,1948,20,ART DIRECTION (Color),Art Direction:  Alfred Junge;  Set Decoration:  Alfred Junge,Black Narcissus,black narcissus,black narcissus_1947
258,,1948,20,BEST MOTION PICTURE,20th Century-Fox,Gentleman's Agreement,gentleman's agreement,gentleman's agreement_1947
259,,1948,20,CINEMATOGRAPHY (Black-and-White),Guy Green,Great Expectations,great expectations,great expectations_1947
260,,1948,20,CINEMATOGRAPHY (Color),Jack Cardiff,Black Narcissus,black narcissus,black narcissus_1947
261,,1948,20,DOCUMENTARY (Feature),"Sid Rogell, Executive Producer;  Theron Warth and Richard O. Fleischer, Producers",Design for Death,design for death,design for death_1947
262,,1948,20,DOCUMENTARY (Short Subject),United Nations Division of Films and Visual Information,First Steps,first steps,first steps_1947
263,,1948,20,FILM EDITING,"Francis Lyon, Robert Parrish",Body and Soul,body and soul,body and soul_1947
264,,1948,20,MUSIC (Music Score of a Dramatic or Comedy Picture),Dr. Miklos Rozsa,A Double Life,a double life,a double life_1947
265,,1948,20,MUSIC (Scoring of a Musical Picture),Alfred Newman,Mother Wore Tights,mother wore tights,mother wore tights_1947
266,,1948,20,MUSIC (Song),Music by Allie Wrubel; Lyrics by Ray Gilbert,Song of the South,song of the south,song of the south_1947
267,,1948,20,SHORT SUBJECT (Cartoon),"Edward Selzer, Producer",Tweetie Pie,tweetie pie,tweetie pie_1947
268,,1948,20,SHORT SUBJECT (One-reel),"Herbert Moulton, Producer",Good-bye Miss Turlock,good bye miss turlock,good bye miss turlock_1947
269,,1948,20,SHORT SUBJECT (Two-reel),"Irving Allen, Producer",Climbing the Matterhorn,climbing the matterhorn,climbing the matterhorn_1947
270,,1948,20,SOUND RECORDING,"Samuel Goldwyn Studio Sound Department, Gordon Sawyer, Sound Director",The Bishop's Wife,the bishop's wife,the bishop's wife_1947
271,,1948,20,SPECIAL EFFECTS,"Special Visual Effects by A. Arnold Gillespie, Warren Newcombe; Special Audible Effects by Douglas Shearer, Michael Steinore",Green Dolphin Street,green dolphin street,green dolphin street_1947
272,,1948,20,WRITING (Motion Picture Story),Valentine Davies,Miracle on 34th Street,miracle on 34th street,miracle on 34th street_1947
273,,1948,20,WRITING (Original Screenplay),Sidney Sheldon,The Bachelor and the Bobby-Soxer,the bachelor and the bobby soxer,the bachelor and the bobby soxer_1947
274,,1948,20,WRITING (Screenplay),George Seaton,Miracle on 34th Street,miracle on 34th street,miracle on 34th street_1947
275,,1949,21,ART DIRECTION (Black-and-White),Art Direction:  Roger K. Furse;  Set Decoration:  Carmen Dillon,Hamlet,hamlet,hamlet_1948
276,,1949,21,ART DIRECTION (Color),Art Direction:  Hein Heckroth;  Set Decoration:  Arthur Lawson,The Red Shoes,the red shoes,the red shoes_1948
277,,1949,21,BEST MOTION PICTURE,J. Arthur Rank-Two Cities Films,Hamlet,hamlet,hamlet_1948
278,,1949,21,CINEMATOGRAPHY (Black-and-White),William Daniels,The Naked City,the naked city,the naked city_1948
279,,1949,21,CINEMATOGRAPHY (Color),"Joseph Valentine, William V. Skall, Winton Hoch",Joan of Arc,joan of arc,joan of arc_1948
280,,1949,21,COSTUME DESIGN (Black-and-White),Roger K. Furse,Hamlet,hamlet,hamlet_1948
281,,1949,21,COSTUME DESIGN (Color),"Dorothy Jeakins, Karinska",Joan of Arc,joan of arc,joan of arc_1948
282,,1949,21,DOCUMENTARY (Feature),"Orville O. Dull, Producer",The Secret Land,the secret land,the secret land_1948
283,,1949,21,DOCUMENTARY (Short Subject),United States Army,Toward Independence,toward independence,toward independence_1948
284,,1949,21,FILM EDITING,Paul Weatherwax,The Naked City,the naked city,the naked city_1948
285,,1949,21,MUSIC (Music Score of a Dramatic or Comedy Picture),Brian Easdale,The Red Shoes,the red shoes,the red shoes_1948
286,,1949,21,MUSIC (Scoring of a Musical Picture),"Johnny Green, Roger Edens",Easter Parade,easter parade,easter parade_1948
287,,1949,21,MUSIC (Song),Music and Lyrics by Jay Livingston and Ray Evans,The Paleface,the paleface,the paleface_1948
288,,1949,21,SHORT SUBJECT (Cartoon),"Fred Quimby, Producer",The Little Orphan,the little orphan,the little orphan_1948
289,,1949,21,SHORT SUBJECT (One-reel),"Edmund H. Reek, Producer",Symphony of a City,symphony of a city,symphony of a city_1948
290,,1949,21,SHORT SUBJECT (Two-reel),"Walt Disney, Producer",Seal Island,seal island,seal island_1948
291,,1949,21,SOUND RECORDING,"20th Century-Fox Studio Sound Department, Thomas T. Moulton, Sound Director",The Snake Pit,the snake pit,the snake pit_1948
292,,1949,21,SPECIAL EFFECTS,"Special Visual Effects by Paul Eagler, J. McMillan Johnson, Russell Shearman, Clarence Slifer; Special Audible Effects by Charles Freeman, James G. Stewart",Portrait of Jennie,portrait of jennie,portrait of jennie_1948
293,,1949,21,WRITING (Motion Picture Story),"Richard Schweizer, David Wechsler",The Search,the search,the search_1948
294,,1949,21,WRITING (Screenplay),John Huston,The Treasure of the Sierra Madre,the treasure of the sierra madre,the treasure of the sierra madre_1948
295,,1950,22,ART DIRECTION (Black-and-White),"Art Direction:  Harry Horner, John Meehan;  Set Decoration:  Emile Kuri",The Heiress,the heiress,the heiress_1949
296,,1950,22,ART DIRECTION (Color),"Art Direction:  Cedric Gibbons, Paul Groesse;  Set Decoration:  Edwin B. Willis, Jack D. Moore",Little Women,little women,little women_1949
297,,1950,22,BEST MOTION PICTURE,Robert Rossen Productions,All the King's Men,all the king's men,all the king's men_1949
298,,1950,22,CINEMATOGRAPHY (Black-and-White),Paul C. Vogel,Battleground,battleground,battleground_1949
299,,1950,22,CINEMATOGRAPHY (Color),Winton Hoch,She Wore a Yellow Ribbon,she wore a yellow ribbon,she wore a yellow ribbon_1949
300,,1950,22,COSTUME DESIGN (Black-and-White),"Edith Head, Gile Steele",The Heiress,the heiress,the heiress_1949
301,,1950,22,COSTUME DESIGN (Color),"Leah Rhodes, Travilla, Marjorie Best",The Adventures of Don Juan,the adventures of don juan,the adventures of don juan_1949
302,,1950,22,DOCUMENTARY (Feature),Crown Film Unit,Daybreak in Udi,daybreak in udi,daybreak in udi_1949
303,,1950,22,DOCUMENTARY (Short Subject),"Richard de Rochemont, Producer",A Chance to Live,a chance to live,a chance to live_1949
304,,1950,22,DOCUMENTARY (Short Subject),"Edward Selzer, Producer",So Much for So Little,so much for so little,so much for so little_1949
305,,1950,22,FILM EDITING,Harry Gerstad,Champion,champion,champion_1949
306,,1950,22,MUSIC (Music Score of a Dramatic or Comedy Picture),Aaron Copland,The Heiress,the heiress,the heiress_1949
307,,1950,22,MUSIC (Scoring of a Musical Picture),"Roger Edens, Lennie Hayton",On the Town,on the town,on the town_1949
308,,1950,22,MUSIC (Song),Music and Lyrics by Frank Loesser,Neptune's Daughter,neptune's daughter,neptune's daughter_1949
309,,1950,22,SHORT SUBJECT (Cartoon),"Edward Selzer, Producer",For Scent-Imental Reasons,for scent imental reasons,for scent imental reasons_1949
310,,1950,22,SHORT SUBJECT (One-reel),"Jack Eaton, Producer",Aquatic House-Party,aquatic house party,aquatic house party_1949
311,,1950,22,SHORT SUBJECT (Two-reel),"Gaston Diehl and Robert Haessens, Producers",Van Gogh,van gogh,van gogh_1949
312,,1950,22,SOUND RECORDING,"20th Century-Fox Studio Sound Department, Thomas T. Moulton, Sound Director",Twelve O'Clock High,twelve o'clock high,twelve o'clock high_1949
313,,1950,22,SPECIAL EFFECTS,ARKO Productions,Mighty Joe Young,mighty joe young,mighty joe young_1949
314,,1950,22,WRITING (Motion Picture Story),Douglas Morrow,The Stratton Story,the stratton story,the stratton story_1949
315,,1950,22,WRITING (Screenplay),Joseph L. Mankiewicz,A Letter to Three Wives,a letter to three wives,a letter to three wives_1949
316,,1950,22,WRITING (Story and Screenplay),Robert Pirosh,Battleground,battleground,battleground_1949
317,,1951,23,ART DIRECTION (Black-and-White),"Art Direction:  Hans Dreier, John Meehan;  Set Decoration:  Sam Comer, Ray Moyer",Sunset Blvd.,sunset blvd,sunset blvd_1950
318,,1951,23,ART DIRECTION (Color),"Art Direction:  Hans Dreier, Walter Tyler;  Set Decoration:  Sam Comer, Ray Moyer",Samson and Delilah,samson and delilah,samson and delilah_1950
319,,1951,23,BEST MOTION PICTURE,20th Century-Fox,All about Eve,all about eve,all about eve_1950
320,,1951,23,CINEMATOGRAPHY (Black-and-White),Robert Krasker,The Third Man,the third man,the third man_1950
321,,1951,23,CINEMATOGRAPHY (Color),Robert Surtees,King Solomon's Mines,king solomon's mines,king solomon's mines_1950
322,,1951,23,COSTUME DESIGN (Black-and-White),"Edith Head, Charles LeMaire",All about Eve,all about eve,all about eve_1950
323,,1951,23,COSTUME DESIGN (Color),"Edith Head, Dorothy Jeakins, Elois Jenssen, Gile Steele, Gwen Wakeling",Samson and Delilah,samson and delilah,samson and delilah_1950
324,,1951,23,DOCUMENTARY (Feature),"Robert Snyder, Producer",The Titan: Story of Michelangelo,the titan: story of michelangelo,the titan: story of michelangelo_1950
325,,1951,23,DOCUMENTARY (Short Subject),"Edmund Reek, Producer",Why Korea?,why korea?,why korea?_1950
326,,1951,23,FILM EDITING,"Ralph E. Winters, Conrad A. Nervig",King Solomon's Mines,king solomon's mines,king solomon's mines_1950
327,,1951,23,MUSIC (Music Score of a Dramatic or Comedy Picture),Franz Waxman,Sunset Blvd.,sunset blvd,sunset blvd_1950
328,,1951,23,MUSIC (Scoring of a Musical Picture),"Adolph Deutsch, Roger Edens",Annie Get Your Gun,annie get your gun,annie get your gun_1950
329,,1951,23,MUSIC (Song),Music and Lyrics by Ray Evans and Jay Livingston,"Captain Carey, U.S.A.","captain carey, usa","captain carey, usa_1950"
330,,1951,23,SHORT SUBJECT (Cartoon),"Stephen Bosustow, Producer",Gerald McBoing-Boing,gerald mcboing boing,gerald mcboing boing_1950
331,,1951,23,SHORT SUBJECT (One-reel),"Gordon Hollingshead, Producer",Grandad of Races,grandad of races,grandad of races_1950
332,,1951,23,SHORT SUBJECT (Two-reel),"Walt Disney, Producer",In Beaver Valley,in beaver valley,in beaver valley_1950
333,,1951,23,SOUND RECORDING,"20th Century-Fox Studio Sound Department, Thomas T. Moulton, Sound Director",All about Eve,all about eve,all about eve_1950
334,,1951,23,SPECIAL EFFECTS,George Pal Productions,Destination Moon,destination moon,destination moon_1950
335,,1951,23,WRITING (Motion Picture Story),"Edna Anhalt, Edward Anhalt",Panic in the Streets,panic in the streets,panic in the streets_1950
336,,1951,23,WRITING (Screenplay),Joseph L. Mankiewicz,All about Eve,all about eve,all about eve_1950
337,,1951,23,WRITING (Story and Screenplay),"Charles Brackett, Billy Wilder, D. M. Marshman, Jr.",Sunset Blvd.,sunset blvd,sunset blvd_1950
338,,1952,24,ART DIRECTION (Black-and-White),Art Direction:  Richard Day;  Set Decoration:  George James Hopkins,A Streetcar Named Desire,a streetcar named desire,a streetcar named desire_1951
339,,1952,24,ART DIRECTION (Color),"Art Direction:  Cedric Gibbons, Preston Ames;  Set Decoration:  Edwin B. Willis, Keogh Gleason",An American in Paris,an american in paris,an american in paris_1951
340,,1952,24,BEST MOTION PICTURE,"Arthur Freed, Producer",An American in Paris,an american in paris,an american in paris_1951
341,,1952,24,CINEMATOGRAPHY (Black-and-White),William C. Mellor,A Place in the Sun,a place in the sun,a place in the sun_1951
342,,1952,24,CINEMATOGRAPHY (Color),Alfred Gilks; Ballet Photography by John Alton,An American in Paris,an american in paris,an american in paris_1951
343,,1952,24,COSTUME DESIGN (Black-and-White),Edith Head,A Place in the Sun,a place in the sun,a place in the sun_1951
344,,1952,24,COSTUME DESIGN (Color),"Orry-Kelly, Walter Plunkett, Irene Sharaff",An American in Paris,an american in paris,an american in paris_1951
345,,1952,24,DOCUMENTARY (Feature),"Olle Nordemar, Producer",Kon-Tiki,kon tiki,kon tiki_1951
346,,1952,24,DOCUMENTARY (Short Subject),'Made by Fred Zinnemann with the cooperation of Paramount Pictures Corporation for the Los Angeles Orthopaedic Hospital',Benjy,benjy,benjy_1951
347,,1952,24,FILM EDITING,William Hornbeck,A Place in the Sun,a place in the sun,a place in the sun_1951
348,,1952,24,MUSIC (Music Score of a Dramatic or Comedy Picture),Franz Waxman,A Place in the Sun,a place in the sun,a place in the sun_1951
349,,1952,24,MUSIC (Scoring of a Musical Picture),"Johnny Green, Saul Chaplin",An American in Paris,an american in paris,an american in paris_1951
350,,1952,24,MUSIC (Song),Music by Hoagy Carmichael; Lyrics by Johnny Mercer,Here Comes the Groom,here comes the groom,here comes the groom_1951
351,,1952,24,SHORT SUBJECT (Cartoon),"Fred Quimby, Producer",The Two Mouseketeers,the two mouseketeers,the two mouseketeers_1951
352,,1952,24,SHORT SUBJECT (One-reel),"Robert Youngson, Producer",World of Kids,world of kids,world of kids_1951
353,,1952,24,SHORT SUBJECT (Two-reel),"Walt Disney, Producer",Nature's Half Acre,nature's half acre,nature's half acre_1951
354,,1952,24,SOUND RECORDING,"Metro-Goldwyn-Mayer Studio Sound Department, Douglas Shearer, Sound Director",The Great Caruso,the great caruso,the great caruso_1951
355,,1952,24,SPECIAL EFFECTS,Paramount,When Worlds Collide,when worlds collide,when worlds collide_1951
356,,1952,24,WRITING (Motion Picture Story),"Paul Dehn, James Bernard",Seven Days to Noon,seven days to noon,seven days to noon_1951
357,,1952,24,WRITING (Screenplay),"Michael Wilson, Harry Brown",A Place in the Sun,a place in the sun,a place in the sun_1951
358,,1952,24,WRITING (Story and Screenplay),Alan Jay Lerner,An American in Paris,an american in paris,an american in paris_1951
359,,1953,25,ART DIRECTION (Black-and-White),"Art Direction:  Cedric Gibbons, Edward Carfagno;  Set Decoration:  Edwin B. Willis, Keogh Gleason",The Bad and the Beautiful,the bad and the beautiful,the bad and the beautiful_1952
360,,1953,25,ART DIRECTION (Color),Art Direction:  Paul Sheriff;  Set Decoration:  Marcel Vertes,Moulin Rouge,moulin rouge,moulin rouge_1952
361,,1953,25,BEST MOTION PICTURE,"Cecil B. DeMille, Producer",The Greatest Show on Earth,the greatest show on earth,the greatest show on earth_1952
362,,1953,25,CINEMATOGRAPHY (Black-and-White),Robert Surtees,The Bad and the Beautiful,the bad and the beautiful,the bad and the beautiful_1952
363,,1953,25,CINEMATOGRAPHY (Color),"Winton C. Hoch, Archie Stout",The Quiet Man,the quiet man,the quiet man_1952
364,,1953,25,COSTUME DESIGN (Black-and-White),Helen Rose,The Bad and the Beautiful,the bad and the beautiful,the bad and the beautiful_1952
365,,1953,25,COSTUME DESIGN (Color),Marcel Vertes,Moulin Rouge,moulin rouge,moulin rouge_1952
366,,1953,25,DOCUMENTARY (Feature),"Irwin Allen, Producer",The Sea around Us,the sea around us,the sea around us_1952
367,,1953,25,DOCUMENTARY (Short Subject),"Norman McLaren, Producer",Neighbours,neighbours,neighbours_1952
368,,1953,25,FILM EDITING,"Elmo Williams, Harry Gerstad",High Noon,high noon,high noon_1952
369,,1953,25,MUSIC (Music Score of a Dramatic or Comedy Picture),Dimitri Tiomkin,High Noon,high noon,high noon_1952
370,,1953,25,MUSIC (Scoring of a Musical Picture),Alfred Newman,With a Song in My Heart,with a song in my heart,with a song in my heart_1952
371,,1953,25,MUSIC (Song),Music by Dimitri Tiomkin; Lyrics by Ned Washington,High Noon,high noon,high noon_1952
372,,1953,25,SHORT SUBJECT (Cartoon),"Fred Quimby, Producer",Johann Mouse,johann mouse,johann mouse_1952
373,,1953,25,SHORT SUBJECT (One-reel),"Boris Vermont, Producer",Light in the Window: The Art of Vermeer,light in the window: the art of vermeer,light in the window: the art of vermeer_1952
374,,1953,25,SHORT SUBJECT (Two-reel),"Walt Disney, Producer",Water Birds,water birds,water birds_1952
375,,1953,25,SOUND RECORDING,London Film Sound Department,Breaking the Sound Barrier,breaking the sound barrier,breaking the sound barrier_1952
376,,1953,25,SPECIAL EFFECTS,Metro-Goldwyn-Mayer,Plymouth Adventure,plymouth adventure,plymouth adventure_1952
377,,1953,25,WRITING (Motion Picture Story),"Fredric M. Frank, Theodore St. John, Frank Cavett",The Greatest Show on Earth,the greatest show on earth,the greatest show on earth_1952
378,,1953,25,WRITING (Screenplay),Charles Schnee,The Bad and the Beautiful,the bad and the beautiful,the bad and the beautiful_1952
379,,1953,25,WRITING (Story and Screenplay),T. E. B. Clarke,The Lavender Hill Mob,the lavender hill mob,the lavender hill mob_1952
380,,1954,26,ART DIRECTION (Black-and-White),"Art Direction:  Cedric Gibbons, Edward Carfagno;  Set Decoration:  Edwin B. Willis, Hugh Hunt",Julius Caesar,julius caesar,julius caesar_1953
381,,1954,26,ART DIRECTION (Color),"Art Direction:  Lyle Wheeler, George W. Davis;  Set Decoration:  Walter M. Scott, Paul S. Fox",The Robe,the robe,the robe_1953
382,,1954,26,BEST MOTION PICTURE,"Buddy Adler, Producer",From Here to Eternity,from here to eternity,from here to eternity_1953
383,,1954,26,CINEMATOGRAPHY (Black-and-White),Burnett Guffey,From Here to Eternity,from here to eternity,from here to eternity_1953
384,,1954,26,CINEMATOGRAPHY (Color),Loyal Griggs,Shane,shane,shane_1953
385,,1954,26,COSTUME DESIGN (Black-and-White),Edith Head,Roman Holiday,roman holiday,roman holiday_1953
386,,1954,26,COSTUME DESIGN (Color),"Charles LeMaire, Emile Santiago",The Robe,the robe,the robe_1953
387,,1954,26,DOCUMENTARY (Feature),"Walt Disney, Producer",The Living Desert,the living desert,the living desert_1953
388,,1954,26,DOCUMENTARY (Short Subject),"Walt Disney, Producer",The Alaskan Eskimo,the alaskan eskimo,the alaskan eskimo_1953
389,,1954,26,FILM EDITING,William Lyon,From Here to Eternity,from here to eternity,from here to eternity_1953
390,,1954,26,MUSIC (Music Score of a Dramatic or Comedy Picture),Bronislau Kaper,Lili,lili,lili_1953
391,,1954,26,MUSIC (Scoring of a Musical Picture),Alfred Newman,Call Me Madam,call me madam,call me madam_1953
392,,1954,26,MUSIC (Song),Music by Sammy Fain; Lyrics by Paul Francis Webster,Calamity Jane,calamity jane,calamity jane_1953
393,,1954,26,SHORT SUBJECT (Cartoon),"Walt Disney, Producer","Toot, Whistle, Plunk and Boom","toot, whistle, plunk and boom","toot, whistle, plunk and boom_1953"
394,,1954,26,SHORT SUBJECT (One-reel),"Johnny Green, Producer",The Merry Wives of Windsor Overture,the merry wives of windsor overture,the merry wives of windsor overture_1953
395,,1954,26,SHORT SUBJECT (Two-reel),"Walt Disney, Producer",Bear Country,bear country,bear country_1953
396,,1954,26,SOUND RECORDING,"Columbia Studio Sound Department, John P. Livadary, Sound Director",From Here to Eternity,from here to eternity,from here to eternity_1953
397,,1954,26,SPECIAL EFFECTS,Paramount Studio,The War of the Worlds,the war of the worlds,the war of the worlds_1953
398,,1954,26,WRITING (Motion Picture Story),Dalton Trumbo,Roman Holiday,roman holiday,roman holiday_1953
399,,1954,26,WRITING (Screenplay),Daniel Taradash,From Here to Eternity,from here to eternity,from here to eternity_1953
400,,1954,26,WRITING (Story and Screenplay),"Charles Brackett, Walter Reisch, Richard Breen",Titanic,titanic,titanic_1953
401,,1955,27,ART DIRECTION (Black-and-White),Richard Day,On the Waterfront,on the waterfront,on the waterfront_1954
402,,1955,27,ART DIRECTION (Color),Art Direction:  John Meehan;  Set Decoration:  Emile Kuri,"20,000 Leagues under the Sea","20,000 leagues under the sea","20,000 leagues under the sea_1954"
403,,1955,27,BEST MOTION PICTURE,"Sam Spiegel, Producer",On the Waterfront,on the waterfront,on the waterfront_1954
404,,1955,27,CINEMATOGRAPHY (Black-and-White),Boris Kaufman,On the Waterfront,on the waterfront,on the waterfront_1954
405,,1955,27,CINEMATOGRAPHY (Color),Milton Krasner,Three Coins in the Fountain,three coins in the fountain,three coins in the fountain_1954
406,,1955,27,COSTUME DESIGN (Black-and-White),Edith Head,Sabrina,sabrina,sabrina_1954
407,,1955,27,COSTUME DESIGN (Color),Sanzo Wada,Gate of Hell,gate of hell,gate of hell_1954
408,,1955,27,DOCUMENTARY (Feature),"Walt Disney, Producer",The Vanishing Prairie,the vanishing prairie,the vanishing prairie_1954
409,,1955,27,DOCUMENTARY (Short Subject),World Wide Pictures and Morse Films,Thursday's Children,thursday's children,thursday's children_1954
410,,1955,27,FILM EDITING,Gene Milford,On the Waterfront,on the waterfront,on the waterfront_1954
411,,1955,27,MUSIC (Music Score of a Dramatic or Comedy Picture),Dimitri Tiomkin,The High and the Mighty,the high and the mighty,the high and the mighty_1954
412,,1955,27,MUSIC (Scoring of a Musical Picture),"Adolph Deutsch, Saul Chaplin",Seven Brides for Seven Brothers,seven brides for seven brothers,seven brides for seven brothers_1954
413,,1955,27,MUSIC (Song),Music by Jule Styne; Lyrics by Sammy Cahn,Three Coins in the Fountain,three coins in the fountain,three coins in the fountain_1954
414,,1955,27,SHORT SUBJECT (Cartoon),"Stephen Bosustow, Producer",When Magoo Flew,when magoo flew,when magoo flew_1954
415,,1955,27,SHORT SUBJECT (One-reel),"Robert Youngson, Producer",This Mechanical Age,this mechanical age,this mechanical age_1954
416,,1955,27,SHORT SUBJECT (Two-reel),"Denis Sanders and Terry Sanders, Producers",A Time Out of War,a time out of war,a time out of war_1954
417,,1955,27,SOUND RECORDING,"Universal-International Studio Sound Department, Leslie I. Carey, Sound Director",The Glenn Miller Story,the glenn miller story,the glenn miller story_1954
418,,1955,27,SPECIAL EFFECTS,Walt Disney Studios,"20,000 Leagues under the Sea","20,000 leagues under the sea","20,000 leagues under the sea_1954"
419,,1955,27,WRITING (Motion Picture Story),Philip Yordan,Broken Lance,broken lance,broken lance_1954
420,,1955,27,WRITING (Screenplay),George Seaton,The Country Girl,the country girl,the country girl_1954
421,,1955,27,WRITING (Story and Screenplay),Budd Schulberg,On the Waterfront,on the waterfront,on the waterfront_1954
422,,1956,28,ART DIRECTION (Black-and-White),"Art Direction:  Hal Pereira, Tambi Larsen;  Set Decoration:  Sam Comer, Arthur Krams",The Rose Tattoo,the rose tattoo,the rose tattoo_1955
423,,1956,28,ART DIRECTION (Color),"Art Direction:  William Flannery, Jo Mielziner;  Set Decoration:  Robert Priestley",Picnic,picnic,picnic_1955
424,,1956,28,BEST MOTION PICTURE,"Harold Hecht, Producer",Marty,marty,marty_1955
425,,1956,28,CINEMATOGRAPHY (Black-and-White),James Wong Howe,The Rose Tattoo,the rose tattoo,the rose tattoo_1955
426,,1956,28,CINEMATOGRAPHY (Color),Robert Burks,To Catch a Thief,to catch a thief,to catch a thief_1955
427,,1956,28,COSTUME DESIGN (Black-and-White),Helen Rose,I'll Cry Tomorrow,i'll cry tomorrow,i'll cry tomorrow_1955
428,,1956,28,COSTUME DESIGN (Color),Charles LeMaire,Love Is a Many-Splendored Thing,love is a many splendored thing,love is a many splendored thing_1955
429,,1956,28,DOCUMENTARY (Feature),"Nancy Hamilton, Producer",Helen Keller in Her Story,helen keller in her story,helen keller in her story_1955
430,,1956,28,DOCUMENTARY (Short Subject),"Walt Disney, Producer",Men against the Arctic,men against the arctic,men against the arctic_1955
431,,1956,28,FILM EDITING,"Charles Nelson, William A. Lyon",Picnic,picnic,picnic_1955
432,,1956,28,MUSIC (Music Score of a Dramatic or Comedy Picture),Alfred Newman,Love Is a Many-Splendored Thing,love is a many splendored thing,love is a many splendored thing_1955
433,,1956,28,MUSIC (Scoring of a Musical Picture),"Robert Russell Bennett, Jay Blackton, Adolph Deutsch",Oklahoma!,oklahoma!,oklahoma!_1955
434,,1956,28,MUSIC (Song),Music by Sammy Fain; Lyrics by Paul Francis Webster,Love Is a Many-Splendored Thing,love is a many splendored thing,love is a many splendored thing_1955
435,,1956,28,SHORT SUBJECT (Cartoon),"Edward Selzer, Producer",Speedy Gonzales,speedy gonzales,speedy gonzales_1955
436,,1956,28,SHORT SUBJECT (One-reel),"Edmund Reek, Producer",Survival City,survival city,survival city_1955
437,,1956,28,SHORT SUBJECT (Two-reel),"Wilbur T. Blume, Producer",The Face of Lincoln,the face of lincoln,the face of lincoln_1955
438,,1956,28,SOUND RECORDING,"Todd-AO Sound Department, Fred Hynes, Sound Director",Oklahoma!,oklahoma!,oklahoma!_1955
439,,1956,28,SPECIAL EFFECTS,Paramount Studio,The Bridges at Toko-Ri,the bridges at toko ri,the bridges at toko ri_1955
440,,1956,28,WRITING (Motion Picture Story),Daniel Fuchs,Love Me or Leave Me,love me or leave me,love me or leave me_1955
441,,1956,28,WRITING (Screenplay),Paddy Chayefsky,Marty,marty,marty_1955
442,,1956,28,WRITING (Story and Screenplay),"William Ludwig, Sonya Levien",Interrupted Melody,interrupted melody,interrupted melody_1955
443,,1957,29,ART DIRECTION (Black-and-White),"Art Direction:  Cedric Gibbons, Malcolm F. Brown;  Set Decoration:  Edwin B. Willis, F. Keogh Gleason",Somebody Up There Likes Me,somebody up there likes me,somebody up there likes me_1956
444,,1957,29,ART DIRECTION (Color),"Art Direction:  Lyle R. Wheeler, John DeCuir;  Set Decoration:  Walter M. Scott, Paul S. Fox",The King and I,the king and i,the king and i_1956
445,,1957,29,BEST MOTION PICTURE,"Michael Todd, Producer",Around the World in 80 Days,around the world in 80 days,around the world in 80 days_1956
446,,1957,29,CINEMATOGRAPHY (Black-and-White),Joseph Ruttenberg,Somebody Up There Likes Me,somebody up there likes me,somebody up there likes me_1956
447,,1957,29,CINEMATOGRAPHY (Color),Lionel Lindon,Around the World in 80 Days,around the world in 80 days,around the world in 80 days_1956
448,,1957,29,COSTUME DESIGN (Black-and-White),Jean Louis,The Solid Gold Cadillac,the solid gold cadillac,the solid gold cadillac_1956
449,,1957,29,COSTUME DESIGN (Color),Irene Sharaff,The King and I,the king and i,the king and i_1956
450,,1957,29,DOCUMENTARY (Feature),"Jacques-Yves Cousteau, Producer",The Silent World,the silent world,the silent world_1956
451,,1957,29,DOCUMENTARY (Short Subject),"Louis Clyde Stoumen, Producer",The True Story of the Civil War,the true story of the civil war,the true story of the civil war_1956
452,,1957,29,FILM EDITING,"Gene Ruggiero, Paul Weatherwax",Around the World in 80 Days,around the world in 80 days,around the world in 80 days_1956
453,,1957,29,FOREIGN LANGUAGE FILM,"Italy; Dino De Laurentiis and Carlo Ponti, Producers",La Strada,la strada,la strada_1956
454,,1957,29,MUSIC (Music Score of a Dramatic or Comedy Picture),Victor Young,Around the World in 80 Days,around the world in 80 days,around the world in 80 days_1956
455,,1957,29,MUSIC (Scoring of a Musical Picture),"Alfred Newman, Ken Darby",The King and I,the king and i,the king and i_1956
456,,1957,29,MUSIC (Song),Music and Lyrics by Jay Livingston and Ray Evans,The Man Who Knew Too Much,the man who knew too much,the man who knew too much_1956
457,,1957,29,SHORT SUBJECT (Cartoon),"Stephen Bosustow, Producer",Mister Magoo's Puddle Jumper,mister magoo's puddle jumper,mister magoo's puddle jumper_1956
458,,1957,29,SHORT SUBJECT (One-reel),"Konstantin Kalser, Producer",Crashing the Water Barrier,crashing the water barrier,crashing the water barrier_1956
459,,1957,29,SHORT SUBJECT (Two-reel),Romulus Films,The Bespoke Overcoat,the bespoke overcoat,the bespoke overcoat_1956
460,,1957,29,SOUND RECORDING,"20th Century-Fox Studio Sound Department, Carl Faulkner, Sound Director",The King and I,the king and i,the king and i_1956
461,,1957,29,SPECIAL EFFECTS,John Fulton,The Ten Commandments,the ten commandments,the ten commandments_1956
462,,1957,29,WRITING (Motion Picture Story),Dalton Trumbo,The Brave One,the brave one,the brave one_1956
463,,1957,29,WRITING (Screenplay--Adapted),"James Poe, John Farrow, S.J. Perelman",Around the World in 80 Days,around the world in 80 days,around the world in 80 days_1956
464,,1957,29,WRITING (Screenplay--Original),Albert Lamorisse,The Red Balloon,the red balloon,the red balloon_1956
465,,1958,30,ART DIRECTION,Art Direction:  Ted Haworth;  Set Decoration:  Robert Priestley,Sayonara,sayonara,sayonara_1957
466,,1958,30,BEST MOTION PICTURE,"Sam Spiegel, Producer",The Bridge on the River Kwai,the bridge on the river kwai,the bridge on the river kwai_1957
467,,1958,30,CINEMATOGRAPHY,Jack Hildyard,The Bridge on the River Kwai,the bridge on the river kwai,the bridge on the river kwai_1957
468,,1958,30,COSTUME DESIGN,Orry-Kelly,Les Girls,les girls,les girls_1957
469,,1958,30,DOCUMENTARY (Feature),"Jerome Hill, Producer",Albert Schweitzer,albert schweitzer,albert schweitzer_1957
470,,1958,30,FILM EDITING,Peter Taylor,The Bridge on the River Kwai,the bridge on the river kwai,the bridge on the river kwai_1957
471,,1958,30,FOREIGN LANGUAGE FILM,Italy,The Nights of Cabiria,the nights of cabiria,the nights of cabiria_1957
472,,1958,30,MUSIC (Scoring),Malcolm Arnold,The Bridge on the River Kwai,the bridge on the river kwai,the bridge on the river kwai_1957
473,,1958,30,MUSIC (Song),Music by James Van Heusen; Lyrics by Sammy Cahn,The Joker Is Wild,the joker is wild,the joker is wild_1957
474,,1958,30,SHORT SUBJECT (Cartoon),"Edward Selzer, Producer",Birds Anonymous,birds anonymous,birds anonymous_1957
475,,1958,30,SHORT SUBJECT (Live Action),"Larry Lansburgh, Producer",The Wetback Hound,the wetback hound,the wetback hound_1957
476,,1958,30,SOUND RECORDING,"Warner Bros. Studio Sound Department, George Groves, Sound Director",Sayonara,sayonara,sayonara_1957
477,,1958,30,SPECIAL EFFECTS,Audible Effects by Walter Rossi,The Enemy Below,the enemy below,the enemy below_1957
478,,1958,30,WRITING (Screenplay--based on material from another medium),"Michael Wilson, Carl Foreman, Pierre Boulle",The Bridge on the River Kwai,the bridge on the river kwai,the bridge on the river kwai_1957
479,,1958,30,WRITING (Story and Screenplay--written directly for the screen),George Wells,Designing Woman,designing woman,designing woman_1957
480,,1959,31,ART DIRECTION,"Art Direction:  William A. Horning, Preston Ames;  Set Decoration:  Henry Grace, Keogh Gleason",Gigi,gigi,gigi_1958
481,,1959,31,BEST MOTION PICTURE,"Arthur Freed, Producer",Gigi,gigi,gigi_1958
482,,1959,31,CINEMATOGRAPHY (Black-and-White),Sam Leavitt,The Defiant Ones,the defiant ones,the defiant ones_1958
483,,1959,31,CINEMATOGRAPHY (Color),Joseph Ruttenberg,Gigi,gigi,gigi_1958
484,,1959,31,COSTUME DESIGN,Cecil Beaton,Gigi,gigi,gigi_1958
485,,1959,31,DOCUMENTARY (Feature),"Ben Sharpsteen, Producer",White Wilderness,white wilderness,white wilderness_1958
486,,1959,31,DOCUMENTARY (Short Subject),"Ben Sharpsteen, Producer",Ama Girls,ama girls,ama girls_1958
487,,1959,31,FILM EDITING,Adrienne Fazan,Gigi,gigi,gigi_1958
488,,1959,31,FOREIGN LANGUAGE FILM,France,My Uncle,my uncle,my uncle_1958
489,,1959,31,MUSIC (Music Score of a Dramatic or Comedy Picture),Dimitri Tiomkin,The Old Man and the Sea,the old man and the sea,the old man and the sea_1958
490,,1959,31,MUSIC (Scoring of a Musical Picture),Andre Previn,Gigi,gigi,gigi_1958
491,,1959,31,MUSIC (Song),Music by Frederick Loewe; Lyrics by Alan Jay Lerner,Gigi,gigi,gigi_1958
492,,1959,31,SHORT SUBJECT (Cartoon),"John W. Burton, Producer",Knighty Knight Bugs,knighty knight bugs,knighty knight bugs_1958
493,,1959,31,SHORT SUBJECT (Live Action),"Walt Disney, Producer",Grand Canyon,grand canyon,grand canyon_1958
494,,1959,31,SOUND,"Todd-AO Sound Department, Fred Hynes, Sound Director",South Pacific,south pacific,south pacific_1958
495,,1959,31,SPECIAL EFFECTS,Visual Effects by Tom Howard,tom thumb,tom thumb,tom thumb_1958
496,,1959,31,WRITING (Screenplay--based on material from another medium),Alan Jay Lerner,Gigi,gigi,gigi_1958
497,,1959,31,WRITING (Story and Screenplay--written directly for the screen),"Nedrick Young, Harold Jacob Smith",The Defiant Ones,the defiant ones,the defiant ones_1958
498,,1960,32,ART DIRECTION (Black-and-White),"Art Direction:  Lyle R. Wheeler, George W. Davis;  Set Decoration:  Walter M. Scott, Stuart A. Reiss",The Diary of Anne Frank,the diary of anne frank,the diary of anne frank_1959
499,,1960,32,ART DIRECTION (Color),"Art Direction:  William A. Horning, Edward Carfagno;  Set Decoration:  Hugh Hunt",Ben-Hur,ben hur,ben hur_1959
500,,1960,32,BEST MOTION PICTURE,"Sam Zimbalist, Producer",Ben-Hur,ben hur,ben hur_1959
501,,1960,32,CINEMATOGRAPHY (Black-and-White),William C. Mellor,The Diary of Anne Frank,the diary of anne frank,the diary of anne frank_1959
502,,1960,32,CINEMATOGRAPHY (Color),Robert L. Surtees,Ben-Hur,ben hur,ben hur_1959
503,,1960,32,COSTUME DESIGN (Black-and-White),Orry-Kelly,Some Like It Hot,some like it hot,some like it hot_1959
504,,1960,32,COSTUME DESIGN (Color),Elizabeth Haffenden,Ben-Hur,ben hur,ben hur_1959
505,,1960,32,DOCUMENTARY (Feature),"Bernhard Grzimek, Producer",Serengeti Shall Not Die,serengeti shall not die,serengeti shall not die_1959
506,,1960,32,DOCUMENTARY (Short Subject),"Bert Haanstra, Producer",Glass,glass,glass_1959
507,,1960,32,FILM EDITING,"Ralph E. Winters, John D. Dunning",Ben-Hur,ben hur,ben hur_1959
508,,1960,32,FOREIGN LANGUAGE FILM,France,Black Orpheus,black orpheus,black orpheus_1959
509,,1960,32,MUSIC (Music Score of a Dramatic or Comedy Picture),Miklos Rozsa,Ben-Hur,ben hur,ben hur_1959
510,,1960,32,MUSIC (Scoring of a Musical Picture),"Andre Previn, Ken Darby",Porgy and Bess,porgy and bess,porgy and bess_1959
511,,1960,32,MUSIC (Song),Music by James Van Heusen; Lyrics by Sammy Cahn,A Hole in the Head,a hole in the head,a hole in the head_1959
512,,1960,32,SHORT SUBJECT (Cartoon),"John Hubley, Producer",Moonbird,moonbird,moonbird_1959
513,,1960,32,SHORT SUBJECT (Live Action),"Jacques-Yves Cousteau, Producer",The Golden Fish,the golden fish,the golden fish_1959
514,,1960,32,SOUND,"Metro-Goldwyn-Mayer Studio Sound Department, Franklin E. Milton, Sound Director",Ben-Hur,ben hur,ben hur_1959
515,,1960,32,SPECIAL EFFECTS,"Visual Effects by A. Arnold Gillespie, Robert MacDonald; Audible Effects by Milo Lory",Ben-Hur,ben hur,ben hur_1959
516,,1960,32,WRITING (Screenplay--based on material from another medium),Neil Paterson,Room at the Top,room at the top,room at the top_1959
517,,1960,32,WRITING (Story and Screenplay--written directly for the screen),"Story by Russell Rouse, Clarence Greene;  Screenplay by Stanley Shapiro, Maurice Richlin",Pillow Talk,pillow talk,pillow talk_1959
518,,1961,33,ART DIRECTION (Black-and-White),Art Direction:  Alexander Trauner;  Set Decoration:  Edward G. Boyle,The Apartment,the apartment,the apartment_1960
519,,1961,33,ART DIRECTION (Color),"Art Direction:  Alexander Golitzen, Eric Orbom;  Set Decoration:  Russell A. Gausman, Julia Heron",Spartacus,spartacus,spartacus_1960
520,,1961,33,BEST MOTION PICTURE,"Billy Wilder, Producer",The Apartment,the apartment,the apartment_1960
521,,1961,33,CINEMATOGRAPHY (Black-and-White),Freddie Francis,Sons and Lovers,sons and lovers,sons and lovers_1960
522,,1961,33,CINEMATOGRAPHY (Color),Russell Metty,Spartacus,spartacus,spartacus_1960
523,,1961,33,COSTUME DESIGN (Black-and-White),"Edith Head, Edward Stevenson",The Facts of Life,the facts of life,the facts of life_1960
524,,1961,33,COSTUME DESIGN (Color),"Valles, Bill Thomas",Spartacus,spartacus,spartacus_1960
525,,1961,33,DOCUMENTARY (Feature),"Larry Lansburgh, Producer",The Horse with the Flying Tail,the horse with the flying tail,the horse with the flying tail_1960
526,,1961,33,DOCUMENTARY (Short Subject),"James Hill, Producer",Giuseppina,giuseppina,giuseppina_1960
527,,1961,33,FILM EDITING,Daniel Mandell,The Apartment,the apartment,the apartment_1960
528,,1961,33,FOREIGN LANGUAGE FILM,Sweden,The Virgin Spring,the virgin spring,the virgin spring_1960
529,,1961,33,MUSIC (Music Score of a Dramatic or Comedy Picture),Ernest Gold,Exodus,exodus,exodus_1960
530,,1961,33,MUSIC (Scoring of a Musical Picture),"Morris Stoloff, Harry Sukman",Song without End (The Story of Franz Liszt),song without end (the story of franz liszt),song without end (the story of franz liszt)_1960
531,,1961,33,MUSIC (Song),Music and Lyrics by Manos Hadjidakis,Never on Sunday,never on sunday,never on sunday_1960
532,,1961,33,SHORT SUBJECT (Cartoon),"William L. Snyder, Producer",Munro,munro,munro_1960
533,,1961,33,SHORT SUBJECT (Live Action),"Ezra R. Baker, Producer",Day of the Painter,day of the painter,day of the painter_1960
534,,1961,33,SOUND,"Samuel Goldwyn Studio Sound Department, Gordon E. Sawyer, Sound Director; and Todd-AO Sound Department, Fred Hynes, Sound Director",The Alamo,the alamo,the alamo_1960
535,,1961,33,SPECIAL EFFECTS,"Visual Effects by Gene Warren, Tim Baar",The Time Machine,the time machine,the time machine_1960
536,,1961,33,WRITING (Screenplay--based on material from another medium),Richard Brooks,Elmer Gantry,elmer gantry,elmer gantry_1960
537,,1961,33,WRITING (Story and Screenplay--written directly for the screen),"Billy Wilder, I. A. L. Diamond",The Apartment,the apartment,the apartment_1960
538,,1962,34,ART DIRECTION (Black-and-White),Art Direction:  Harry Horner;  Set Decoration:  Gene Callahan,The Hustler,the hustler,the hustler_1961
539,,1962,34,ART DIRECTION (Color),Art Direction:  Boris Leven;  Set Decoration:  Victor A. Gangelin,West Side Story,west side story,west side story_1961
540,,1962,34,BEST MOTION PICTURE,"Robert Wise, Producer",West Side Story,west side story,west side story_1961
541,,1962,34,CINEMATOGRAPHY (Black-and-White),Eugen Shuftan,The Hustler,the hustler,the hustler_1961
542,,1962,34,CINEMATOGRAPHY (Color),Daniel L. Fapp,West Side Story,west side story,west side story_1961
543,,1962,34,COSTUME DESIGN (Black-and-White),Piero Gherardi,La Dolce Vita,la dolce vita,la dolce vita_1961
544,,1962,34,COSTUME DESIGN (Color),Irene Sharaff,West Side Story,west side story,west side story_1961
545,,1962,34,DOCUMENTARY (Feature),"Arthur Cohn and Rene Lafuite, Producers",Le Ciel et la Boue (Sky Above and Mud Beneath),le ciel et la boue (sky above and mud beneath),le ciel et la boue (sky above and mud beneath)_1961
546,,1962,34,DOCUMENTARY (Short Subject),"Frank P. Bibas, Producer",Project Hope,project hope,project hope_1961
547,,1962,34,FILM EDITING,Thomas Stanford,West Side Story,west side story,west side story_1961
548,,1962,34,FOREIGN LANGUAGE FILM,Sweden,Through a Glass Darkly,through a glass darkly,through a glass darkly_1961
549,,1962,34,MUSIC (Music Score of a Dramatic or Comedy Picture),Henry Mancini,Breakfast at Tiffany's,breakfast at tiffany's,breakfast at tiffany's_1961
550,,1962,34,MUSIC (Scoring of a Musical Picture),"Saul Chaplin, Johnny Green, Sid Ramin, Irwin Kostal",West Side Story,west side story,west side story_1961
551,,1962,34,MUSIC (Song),Music by Henry Mancini; Lyrics by Johnny Mercer,Breakfast at Tiffany's,breakfast at tiffany's,breakfast at tiffany's_1961
552,,1962,34,SHORT SUBJECT (Cartoon),Zagreb Film,Ersatz (The Substitute),ersatz (the substitute),ersatz (the substitute)_1961
553,,1962,34,SHORT SUBJECT (Live Action),Templar Film Studios,Seawards the Great Ships,seawards the great ships,seawards the great ships_1961
554,,1962,34,SOUND,"Todd-AO Sound Department, Fred Hynes, Sound Director; and Samuel Goldwyn Studio Sound Department, Gordon E. Sawyer, Sound Director",West Side Story,west side story,west side story_1961
555,,1962,34,SPECIAL EFFECTS,Visual Effects by Bill Warrington; Audible Effects by Vivian C. Greenham,The Guns of Navarone,the guns of navarone,the guns of navarone_1961
556,,1962,34,WRITING (Screenplay--based on material from another medium),Abby Mann,Judgment at Nuremberg,judgment at nuremberg,judgment at nuremberg_1961
557,,1962,34,WRITING (Story and Screenplay--written directly for the screen),William Inge,Splendor in the Grass,splendor in the grass,splendor in the grass_1961
558,,1963,35,ART DIRECTION (Black-and-White),"Art Direction:  Alexander Golitzen, Henry Bumstead;  Set Decoration:  Oliver Emert",To Kill a Mockingbird,to kill a mockingbird,to kill a mockingbird_1962
559,,1963,35,ART DIRECTION (Color),"Art Direction:  John Box, John Stoll;  Set Decoration:  Dario Simoni",Lawrence of Arabia,lawrence of arabia,lawrence of arabia_1962
560,,1963,35,BEST PICTURE,"Sam Spiegel, Producer",Lawrence of Arabia,lawrence of arabia,lawrence of arabia_1962
561,,1963,35,CINEMATOGRAPHY (Black-and-White),"Jean Bourgoin, Walter Wottitz, (Henri Persin)",The Longest Day,the longest day,the longest day_1962
562,,1963,35,CINEMATOGRAPHY (Color),Fred A. Young,Lawrence of Arabia,lawrence of arabia,lawrence of arabia_1962
563,,1963,35,COSTUME DESIGN (Black-and-White),Norma Koch,What Ever Happened to Baby Jane?,what ever happened to baby jane?,what ever happened to baby jane?_1962
564,,1963,35,COSTUME DESIGN (Color),Mary Wills,The Wonderful World of the Brothers Grimm,the wonderful world of the brothers grimm,the wonderful world of the brothers grimm_1962
565,,1963,35,DOCUMENTARY (Feature),"Louis Clyde Stoumen, Producer",Black Fox,black fox,black fox_1962
566,,1963,35,DOCUMENTARY (Short Subject),"Jack Howells, Producer",Dylan Thomas,dylan thomas,dylan thomas_1962
567,,1963,35,FILM EDITING,Anne Coates,Lawrence of Arabia,lawrence of arabia,lawrence of arabia_1962
568,,1963,35,FOREIGN LANGUAGE FILM,France,Sundays and Cybele,sundays and cybele,sundays and cybele_1962
569,,1963,35,MUSIC (Music Score--substantially original),Maurice Jarre,Lawrence of Arabia,lawrence of arabia,lawrence of arabia_1962
570,,1963,35,MUSIC (Scoring of Music--adaptation or treatment),Ray Heindorf,Meredith Willson's The Music Man,meredith willson's the music man,meredith willson's the music man_1962
571,,1963,35,MUSIC (Song),Music by Henry Mancini; Lyrics by Johnny Mercer,Days of Wine and Roses,days of wine and roses,days of wine and roses_1962
572,,1963,35,SHORT SUBJECT (Cartoon),"John Hubley and Faith Hubley, Producers",The Hole,the hole,the hole_1962
573,,1963,35,SHORT SUBJECT (Live Action),"Pierre Etaix and J.C. Carrière, Producers",Heureux Anniversaire (Happy Anniversary),heureux anniversaire (happy anniversary),heureux anniversaire (happy anniversary)_1962
574,,1963,35,SOUND,"Shepperton Studio Sound Department, John Cox, Sound Director",Lawrence of Arabia,lawrence of arabia,lawrence of arabia_1962
575,,1963,35,SPECIAL EFFECTS,Visual Effects by Robert MacDonald; Audible Effects by Jacques Maumont,The Longest Day,the longest day,the longest day_1962
576,,1963,35,WRITING (Screenplay--based on material from another medium),Horton Foote,To Kill a Mockingbird,to kill a mockingbird,to kill a mockingbird_1962
577,,1963,35,WRITING (Story and Screenplay--written directly for the screen),"Ennio de Concini, Alfredo Giannetti, Pietro Germi",Divorce--Italian Style,divorce italian style,divorce italian style_1962
578,,1964,36,ART DIRECTION (Black-and-White),Gene Callahan,America America,america america,america america_1963
579,,1964,36,ART DIRECTION (Color),"Art Direction:  John DeCuir, Jack Martin Smith, Hilyard Brown, Herman Blumenthal, Elven Webb, Maurice Pelling, Boris Juraga;  Set Decoration:  Walter M. Scott, Paul S. Fox, Ray Moyer",Cleopatra,cleopatra,cleopatra_1963
580,,1964,36,BEST PICTURE,"Tony Richardson, Producer",Tom Jones,tom jones,tom jones_1963
581,,1964,36,CINEMATOGRAPHY (Black-and-White),James Wong Howe,Hud,hud,hud_1963
582,,1964,36,CINEMATOGRAPHY (Color),Leon Shamroy,Cleopatra,cleopatra,cleopatra_1963
583,,1964,36,COSTUME DESIGN (Black-and-White),Piero Gherardi,Federico Fellini's 8-1/2,federico fellini's 8 1/2,federico fellini's 8 1/2_1963
584,,1964,36,COSTUME DESIGN (Color),"Irene Sharaff, Vittorio Nino Novarese, Renie",Cleopatra,cleopatra,cleopatra_1963
585,,1964,36,DOCUMENTARY (Feature),"Robert Hughes, Producer",Robert Frost: A Lover's Quarrel with the World,robert frost: a lover's quarrel with the world,robert frost: a lover's quarrel with the world_1963
586,,1964,36,DOCUMENTARY (Short Subject),"Simon Schiffrin, Producer",Chagall,chagall,chagall_1963
587,,1964,36,FILM EDITING,Harold F. Kress,How the West Was Won,how the west was won,how the west was won_1963
588,,1964,36,FOREIGN LANGUAGE FILM,Italy,Federico Fellini's 8-1/2,federico fellini's 8 1/2,federico fellini's 8 1/2_1963
589,,1964,36,MUSIC (Music Score--substantially original),John Addison,Tom Jones,tom jones,tom jones_1963
590,,1964,36,MUSIC (Scoring of Music--adaptation or treatment),Andre Previn,Irma La Douce,irma la douce,irma la douce_1963
591,,1964,36,MUSIC (Song),Music by James Van Heusen; Lyrics by Sammy Cahn,Papa's Delicate Condition,papa's delicate condition,papa's delicate condition_1963
592,,1964,36,SHORT SUBJECT (Cartoon),"Ernest Pintoff, Producer",The Critic,the critic,the critic_1963
593,,1964,36,SHORT SUBJECT (Live Action),"Paul de Roubaix and Marcel Ichac, Producers",An Occurrence at Owl Creek Bridge,an occurrence at owl creek bridge,an occurrence at owl creek bridge_1963
594,,1964,36,SOUND,"Metro-Goldwyn-Mayer Studio Sound Department, Franklin E. Milton, Sound Director",How the West Was Won,how the west was won,how the west was won_1963
595,,1964,36,SOUND EFFECTS,Walter G. Elliott,"It's a Mad, Mad, Mad, Mad World","it's a mad, mad, mad, mad world","it's a mad, mad, mad, mad world_1963"
596,,1964,36,SPECIAL EFFECTS,"Emil Kosa, Jr.",Cleopatra,cleopatra,cleopatra_1963
597,,1964,36,WRITING (Screenplay--based on material from another medium),John Osborne,Tom Jones,tom jones,tom jones_1963
598,,1964,36,WRITING (Story and Screenplay--written directly for the screen),James R. Webb,How the West Was Won,how the west was won,how the west was won_1963
599,,1965,37,ART DIRECTION (Black-and-White),Vassilis Fotopoulos,Zorba the Greek,zorba the greek,zorba the greek_1964
600,,1965,37,ART DIRECTION (Color),"Art Direction:  Gene Allen, Cecil Beaton;  Set Decoration:  George James Hopkins",My Fair Lady,my fair lady,my fair lady_1964
601,,1965,37,BEST PICTURE,"Jack L. Warner, Producer",My Fair Lady,my fair lady,my fair lady_1964
602,,1965,37,CINEMATOGRAPHY (Black-and-White),Walter Lassally,Zorba the Greek,zorba the greek,zorba the greek_1964
603,,1965,37,CINEMATOGRAPHY (Color),Harry Stradling,My Fair Lady,my fair lady,my fair lady_1964
604,,1965,37,COSTUME DESIGN (Black-and-White),Dorothy Jeakins,The Night of the Iguana,the night of the iguana,the night of the iguana_1964
605,,1965,37,COSTUME DESIGN (Color),Cecil Beaton,My Fair Lady,my fair lady,my fair lady_1964
606,,1965,37,DOCUMENTARY (Feature),"Jacques-Yves Cousteau, Producer",Jacques-Yves Cousteau's World without Sun,jacques yves cousteau's world without sun,jacques yves cousteau's world without sun_1964
607,,1965,37,DOCUMENTARY (Short Subject),"Charles Guggenheim, Producer",Nine from Little Rock,nine from little rock,nine from little rock_1964
608,,1965,37,FILM EDITING,Cotton Warburton,Mary Poppins,mary poppins,mary poppins_1964
609,,1965,37,FOREIGN LANGUAGE FILM,Italy,"Yesterday, Today and Tomorrow","yesterday, today and tomorrow","yesterday, today and tomorrow_1964"
610,,1965,37,MUSIC (Music Score--substantially original),"Richard M. Sherman, Robert B. Sherman",Mary Poppins,mary poppins,mary poppins_1964
611,,1965,37,MUSIC (Scoring of Music--adaptation or treatment),Andre Previn,My Fair Lady,my fair lady,my fair lady_1964
612,,1965,37,MUSIC (Song),Music and Lyrics by Richard M. Sherman and Robert B. Sherman,Mary Poppins,mary poppins,mary poppins_1964
613,,1965,37,SHORT SUBJECT (Cartoon),"David H. DePatie and Friz Freleng, Producers",The Pink Phink,the pink phink,the pink phink_1964
614,,1965,37,SHORT SUBJECT (Live Action),"Edward Schreiber, Producer",Casals Conducts: 1964,casals conducts: 1964,casals conducts: 1964_1964
615,,1965,37,SOUND,"Warner Bros. Studio Sound Department, George R. Groves, Sound Director",My Fair Lady,my fair lady,my fair lady_1964
616,,1965,37,SOUND EFFECTS,Norman Wanstall,Goldfinger,goldfinger,goldfinger_1964
617,,1965,37,SPECIAL VISUAL EFFECTS,"Peter Ellenshaw, Eustace Lycett, Hamilton Luske",Mary Poppins,mary poppins,mary poppins_1964
618,,1965,37,WRITING (Screenplay--based on material from another medium),Edward Anhalt,Becket,becket,becket_1964
619,,1965,37,WRITING (Story and Screenplay--written directly for the screen),"Story by S. H. Barnett;  Screenplay by Peter Stone, Frank Tarloff",Father Goose,father goose,father goose_1964
620,,1966,38,ART DIRECTION (Black-and-White),Art Direction:  Robert Clatworthy;  Set Decoration:  Joseph Kish,Ship of Fools,ship of fools,ship of fools_1965
621,,1966,38,ART DIRECTION (Color),"Art Direction:  John Box, Terry Marsh;  Set Decoration:  Dario Simoni",Doctor Zhivago,doctor zhivago,doctor zhivago_1965
622,,1966,38,BEST PICTURE,"Robert Wise, Producer",The Sound of Music,the sound of music,the sound of music_1965
623,,1966,38,CINEMATOGRAPHY (Black-and-White),Ernest Laszlo,Ship of Fools,ship of fools,ship of fools_1965
624,,1966,38,CINEMATOGRAPHY (Color),Freddie Young,Doctor Zhivago,doctor zhivago,doctor zhivago_1965
625,,1966,38,COSTUME DESIGN (Black-and-White),Julie Harris,Darling,darling,darling_1965
626,,1966,38,COSTUME DESIGN (Color),Phyllis Dalton,Doctor Zhivago,doctor zhivago,doctor zhivago_1965
627,,1966,38,DOCUMENTARY (Feature),"Sidney Glazier, Producer",The Eleanor Roosevelt Story,the eleanor roosevelt story,the eleanor roosevelt story_1965
628,,1966,38,DOCUMENTARY (Short Subject),"Francis Thompson, Producer",To Be Alive!,to be alive!,to be alive!_1965
629,,1966,38,FILM EDITING,William Reynolds,The Sound of Music,the sound of music,the sound of music_1965
630,,1966,38,FOREIGN LANGUAGE FILM,Czechoslovakia,The Shop on Main Street,the shop on main street,the shop on main street_1965
631,,1966,38,MUSIC (Music Score--substantially original),Maurice Jarre,Doctor Zhivago,doctor zhivago,doctor zhivago_1965
632,,1966,38,MUSIC (Scoring of Music--adaptation or treatment),Irwin Kostal,The Sound of Music,the sound of music,the sound of music_1965
633,,1966,38,MUSIC (Song),Music by Johnny Mandel; Lyrics by Paul Francis Webster,The Sandpiper,the sandpiper,the sandpiper_1965
634,,1966,38,SHORT SUBJECT (Cartoon),"Chuck Jones and Les Goldman, Producers",The Dot and the Line,the dot and the line,the dot and the line_1965
635,,1966,38,SHORT SUBJECT (Live Action),"Claude Berri, Producer",The Chicken (Le Poulet),the chicken (le poulet),the chicken (le poulet)_1965
636,,1966,38,SOUND,"20th Century-Fox Studio Sound Department, James P. Corcoran, Sound Director; and Todd-AO Sound Department, Fred Hynes, Sound Director",The Sound of Music,the sound of music,the sound of music_1965
637,,1966,38,SOUND EFFECTS,Tregoweth Brown,The Great Race,the great race,the great race_1965
638,,1966,38,SPECIAL VISUAL EFFECTS,John Stears,Thunderball,thunderball,thunderball_1965
639,,1966,38,WRITING (Screenplay--based on material from another medium),Robert Bolt,Doctor Zhivago,doctor zhivago,doctor zhivago_1965
640,,1966,38,WRITING (Story and Screenplay--written directly for the screen),Frederic Raphael,Darling,darling,darling_1965
641,,1967,39,ART DIRECTION (Black-and-White),Art Direction:  Richard Sylbert;  Set Decoration:  George James Hopkins,Who's Afraid of Virginia Woolf?,who's afraid of virginia woolf?,who's afraid of virginia woolf?_1966
642,,1967,39,ART DIRECTION (Color),"Art Direction:  Jack Martin Smith, Dale Hennesy;  Set Decoration:  Walter M. Scott, Stuart A. Reiss",Fantastic Voyage,fantastic voyage,fantastic voyage_1966
643,,1967,39,BEST PICTURE,"Fred Zinnemann, Producer",A Man for All Seasons,a man for all seasons,a man for all seasons_1966
644,,1967,39,CINEMATOGRAPHY (Black-and-White),Haskell Wexler,Who's Afraid of Virginia Woolf?,who's afraid of virginia woolf?,who's afraid of virginia woolf?_1966
645,,1967,39,CINEMATOGRAPHY (Color),Ted Moore,A Man for All Seasons,a man for all seasons,a man for all seasons_1966
646,,1967,39,COSTUME DESIGN (Black-and-White),Irene Sharaff,Who's Afraid of Virginia Woolf?,who's afraid of virginia woolf?,who's afraid of virginia woolf?_1966
647,,1967,39,COSTUME DESIGN (Color),"Elizabeth Haffenden, Joan Bridge",A Man for All Seasons,a man for all seasons,a man for all seasons_1966
648,,1967,39,DOCUMENTARY (Feature),"Peter Watkins, Producer",The War Game,the war game,the war game_1966
649,,1967,39,DOCUMENTARY (Short Subject),"Edmond A. Levy, Producer",A Year toward Tomorrow,a year toward tomorrow,a year toward tomorrow_1966
650,,1967,39,FILM EDITING,"Fredric Steinkamp, Henry Berman, Stewart Linder, Frank Santillo",Grand Prix,grand prix,grand prix_1966
651,,1967,39,FOREIGN LANGUAGE FILM,France,A Man and a Woman,a man and a woman,a man and a woman_1966
652,,1967,39,MUSIC (Original Music Score),John Barry,Born Free,born free,born free_1966
653,,1967,39,MUSIC (Scoring of Music--adaptation or treatment),Ken Thorne,A Funny Thing Happened on the Way to the Forum,a funny thing happened on the way to the forum,a funny thing happened on the way to the forum_1966
654,,1967,39,MUSIC (Song),Music by John Barry; Lyrics by Don Black,Born Free,born free,born free_1966
655,,1967,39,SHORT SUBJECT (Cartoon),"John Hubley and Faith Hubley, Producers",Herb Alpert and the Tijuana Brass Double Feature,herb alpert and the tijuana brass double feature,herb alpert and the tijuana brass double feature_1966
656,,1967,39,SHORT SUBJECT (Live Action),"Edgar Anstey, Producer",Wild Wings,wild wings,wild wings_1966
657,,1967,39,SOUND,"Metro-Goldwyn-Mayer Studio Sound Department, Franklin E. Milton, Sound Director",Grand Prix,grand prix,grand prix_1966
658,,1967,39,SOUND EFFECTS,Gordon Daniel,Grand Prix,grand prix,grand prix_1966
659,,1967,39,SPECIAL VISUAL EFFECTS,Art Cruickshank,Fantastic Voyage,fantastic voyage,fantastic voyage_1966
660,,1967,39,WRITING (Screenplay--based on material from another medium),Robert Bolt,A Man for All Seasons,a man for all seasons,a man for all seasons_1966
661,,1967,39,WRITING (Story and Screenplay--written directly for the screen),"Story by Claude Lelouch;  Screenplay by Claude Lelouch, Pierre Uytterhoeven",A Man and a Woman,a man and a woman,a man and a woman_1966
662,,1968,40,ART DIRECTION,"Art Direction:  John Truscott, Edward Carrere;  Set Decoration:  John W. Brown",Camelot,camelot,camelot_1967
663,,1968,40,BEST PICTURE,"Walter Mirisch, Producer",In the Heat of the Night,in the heat of the night,in the heat of the night_1967
664,,1968,40,CINEMATOGRAPHY,Burnett Guffey,Bonnie and Clyde,bonnie and clyde,bonnie and clyde_1967
665,,1968,40,COSTUME DESIGN,John Truscott,Camelot,camelot,camelot_1967
666,,1968,40,DOCUMENTARY (Feature),"Pierre Schoendoerffer, Producer",The Anderson Platoon,the anderson platoon,the anderson platoon_1967
667,,1968,40,DOCUMENTARY (Short Subject),"Mark Harris and Trevor Greenwood, Producers",The Redwoods,the redwoods,the redwoods_1967
668,,1968,40,FILM EDITING,Hal Ashby,In the Heat of the Night,in the heat of the night,in the heat of the night_1967
669,,1968,40,FOREIGN LANGUAGE FILM,Czechoslovakia,Closely Watched Trains,closely watched trains,closely watched trains_1967
670,,1968,40,MUSIC (Original Music Score),Elmer Bernstein,Thoroughly Modern Millie,thoroughly modern millie,thoroughly modern millie_1967
671,,1968,40,MUSIC (Scoring of Music--adaptation or treatment),"Alfred Newman, Ken Darby",Camelot,camelot,camelot_1967
672,,1968,40,MUSIC (Song),Music and Lyrics by Leslie Bricusse,Doctor Dolittle,doctor dolittle,doctor dolittle_1967
673,,1968,40,SHORT SUBJECT (Cartoon),"Fred Wolf, Producer",The Box,the box,the box_1967
674,,1968,40,SHORT SUBJECT (Live Action),"Christopher Chapman, Producer",A Place to Stand,a place to stand,a place to stand_1967
675,,1968,40,SOUND,Samuel Goldwyn Studio Sound Department,In the Heat of the Night,in the heat of the night,in the heat of the night_1967
676,,1968,40,SOUND EFFECTS,John Poyner,The Dirty Dozen,the dirty dozen,the dirty dozen_1967
677,,1968,40,SPECIAL VISUAL EFFECTS,L. B. Abbott,Doctor Dolittle,doctor dolittle,doctor dolittle_1967
678,,1968,40,WRITING (Screenplay--based on material from another medium),Stirling Silliphant,In the Heat of the Night,in the heat of the night,in the heat of the night_1967
679,,1968,40,WRITING (Story and Screenplay--written directly for the screen),William Rose,Guess Who's Coming to Dinner,guess who's coming to dinner,guess who's coming to dinner_1967
680,,1969,41,ART DIRECTION,"Art Direction:  John Box, Terence Marsh;  Set Decoration:  Vernon Dixon, Ken Muggleston",Oliver!,oliver!,oliver!_1968
681,,1969,41,BEST PICTURE,"John Woolf, Producer",Oliver!,oliver!,oliver!_1968
682,,1969,41,CINEMATOGRAPHY,Pasqualino De Santis,Romeo and Juliet,romeo and juliet,romeo and juliet_1968
683,,1969,41,COSTUME DESIGN,Danilo Donati,Romeo and Juliet,romeo and juliet,romeo and juliet_1968
684,,1969,41,DOCUMENTARY (Feature),"Bill McGaw, Producer",Journey into Self,journey into self,journey into self_1968
685,,1969,41,DOCUMENTARY (Short Subject),"Saul Bass, Producer",Why Man Creates,why man creates,why man creates_1968
686,,1969,41,FILM EDITING,Frank P. Keller,Bullitt,bullitt,bullitt_1968
687,,1969,41,FOREIGN LANGUAGE FILM,Union of Soviet Socialist Republics,War and Peace,war and peace,war and peace_1968
688,,1969,41,MUSIC (Original Score--for a motion picture [not a musical]),John Barry,The Lion in Winter,the lion in winter,the lion in winter_1968
689,,1969,41,MUSIC (Score of a Musical Picture--original or adaptation),Adaptation score by John Green,Oliver!,oliver!,oliver!_1968
690,,1969,41,MUSIC (Song--Original for the Picture),Music by Michel Legrand; Lyrics by Alan Bergman and Marilyn Bergman,The Thomas Crown Affair,the thomas crown affair,the thomas crown affair_1968
691,,1969,41,SHORT SUBJECT (Cartoon),"Walt Disney, Producer",Winnie the Pooh and the Blustery Day,winnie the pooh and the blustery day,winnie the pooh and the blustery day_1968
692,,1969,41,SHORT SUBJECT (Live Action),"Charles Guggenheim, Producer",Robert Kennedy Remembered,robert kennedy remembered,robert kennedy remembered_1968
693,,1969,41,SOUND,Shepperton Studio Sound Department,Oliver!,oliver!,oliver!_1968
694,,1969,41,SPECIAL VISUAL EFFECTS,Stanley Kubrick,2001: A Space Odyssey,2001: a space odyssey,2001: a space odyssey_1968
695,,1969,41,WRITING (Screenplay--based on material from another medium),James Goldman,The Lion in Winter,the lion in winter,the lion in winter_1968
696,,1969,41,WRITING (Story and Screenplay--written directly for the screen),Mel Brooks,The Producers,the producers,the producers_1968
697,,1970,42,ART DIRECTION,"Art Direction:  John DeCuir, Jack Martin Smith, Herman Blumenthal;  Set Decoration:  Walter M. Scott, George Hopkins, Raphael Bretton","Hello, Dolly!","hello, dolly!","hello, dolly!_1969"
698,,1970,42,BEST PICTURE,"Jerome Hellman, Producer",Midnight Cowboy,midnight cowboy,midnight cowboy_1969
699,,1970,42,CINEMATOGRAPHY,Conrad Hall,Butch Cassidy and the Sundance Kid,butch cassidy and the sundance kid,butch cassidy and the sundance kid_1969
700,,1970,42,COSTUME DESIGN,Margaret Furse,Anne of the Thousand Days,anne of the thousand days,anne of the thousand days_1969
701,,1970,42,DOCUMENTARY (Feature),"Bernard Chevry, Producer",Arthur Rubinstein - The Love of Life,arthur rubinstein the love of life,arthur rubinstein the love of life_1969
702,,1970,42,DOCUMENTARY (Short Subject),"Denis Sanders and Robert M. Fresco, Producers",Czechoslovakia 1968,czechoslovakia 1968,czechoslovakia 1968_1969
703,,1970,42,FILM EDITING,Françoise Bonnot,Z,z,z_1969
704,,1970,42,FOREIGN LANGUAGE FILM,Algeria,Z,z,z_1969
705,,1970,42,MUSIC (Original Score--for a motion picture [not a musical]),Burt Bacharach,Butch Cassidy and the Sundance Kid,butch cassidy and the sundance kid,butch cassidy and the sundance kid_1969
706,,1970,42,MUSIC (Score of a Musical Picture--original or adaptation),Adaptation score by Lennie Hayton and Lionel Newman,"Hello, Dolly!","hello, dolly!","hello, dolly!_1969"
707,,1970,42,MUSIC (Song--Original for the Picture),Music by Burt Bacharach; Lyrics by Hal David,Butch Cassidy and the Sundance Kid,butch cassidy and the sundance kid,butch cassidy and the sundance kid_1969
708,,1970,42,SHORT SUBJECT (Cartoon),"Ward Kimball, Producer",It's Tough to Be a Bird,it's tough to be a bird,it's tough to be a bird_1969
709,,1970,42,SHORT SUBJECT (Live Action),"Joan Keller Stern, Producer",The Magic Machines,the magic machines,the magic machines_1969
710,,1970,42,SOUND,"Jack Solomon, Murray Spivack","Hello, Dolly!","hello, dolly!","hello, dolly!_1969"
711,,1970,42,SPECIAL VISUAL EFFECTS,Robbie Robertson,Marooned,marooned,marooned_1969
712,,1970,42,WRITING (Screenplay--based on material from another medium),Waldo Salt,Midnight Cowboy,midnight cowboy,midnight cowboy_1969
713,,1970,42,WRITING (Story and Screenplay--based on material not previously published or produced),William Goldman,Butch Cassidy and the Sundance Kid,butch cassidy and the sundance kid,butch cassidy and the sundance kid_1969
714,,1971,43,ART DIRECTION,"Art Direction:  Urie McCleary, Gil Parrondo;  Set Decoration:  Antonio Mateos, Pierre-Louis Thevenet",Patton,patton,patton_1970
715,,1971,43,BEST PICTURE,"Frank McCarthy, Producer",Patton,patton,patton_1970
716,,1971,43,CINEMATOGRAPHY,Freddie Young,Ryan's Daughter,ryan's daughter,ryan's daughter_1970
717,,1971,43,COSTUME DESIGN,Nino Novarese,Cromwell,cromwell,cromwell_1970
718,,1971,43,DOCUMENTARY (Feature),"Bob Maurice, Producer",Woodstock,woodstock,woodstock_1970
719,,1971,43,DOCUMENTARY (Short Subject),"Joseph Strick, Producer",Interviews with My Lai Veterans,interviews with my lai veterans,interviews with my lai veterans_1970
720,,1971,43,FILM EDITING,Hugh S. Fowler,Patton,patton,patton_1970
721,,1971,43,FOREIGN LANGUAGE FILM,Italy,Investigation of a Citizen above Suspicion,investigation of a citizen above suspicion,investigation of a citizen above suspicion_1970
722,,1971,43,MUSIC (Original Score),Francis Lai,Love Story,love story,love story_1970
723,,1971,43,MUSIC (Original Song Score),Music and lyrics by The Beatles,Let It Be,let it be,let it be_1970
724,,1971,43,MUSIC (Song--Original for the Picture),Music by Fred Karlin; Lyrics by Robb Royer (aka Robb Wilson) and James Griffin (aka Arthur James),Lovers and Other Strangers,lovers and other strangers,lovers and other strangers_1970
725,,1971,43,SHORT SUBJECT (Cartoon),"Nick Bosustow, Producer",Is It Always Right to Be Right?,is it always right to be right?,is it always right to be right?_1970
726,,1971,43,SHORT SUBJECT (Live Action),"John Longenecker, Producer",The Resurrection of Broncho Billy,the resurrection of broncho billy,the resurrection of broncho billy_1970
727,,1971,43,SOUND,"Douglas Williams, Don Bassman",Patton,patton,patton_1970
728,,1971,43,SPECIAL VISUAL EFFECTS,"A. D. Flowers, L. B. Abbott",Tora! Tora! Tora!,tora! tora! tora!,tora! tora! tora!_1970
729,,1971,43,WRITING (Screenplay--based on material from another medium),"Ring Lardner, Jr.",M*A*S*H,m*a*s*h,m*a*s*h_1970
730,,1971,43,WRITING (Story and Screenplay--based on factual material or material not previously published or produced),"Francis Ford Coppola, Edmund H. North",Patton,patton,patton_1970
731,,1972,44,ART DIRECTION,"Art Direction:  John Box, Ernest Archer, Jack Maxsted, Gil Parrondo;  Set Decoration:  Vernon Dixon",Nicholas and Alexandra,nicholas and alexandra,nicholas and alexandra_1971
732,,1972,44,BEST PICTURE,"Philip D'Antoni, Producer",The French Connection,the french connection,the french connection_1971
733,,1972,44,CINEMATOGRAPHY,Oswald Morris,Fiddler on the Roof,fiddler on the roof,fiddler on the roof_1971
734,,1972,44,COSTUME DESIGN,"Yvonne Blake, Antonio Castillo",Nicholas and Alexandra,nicholas and alexandra,nicholas and alexandra_1971
735,,1972,44,DOCUMENTARY (Feature),"Walon Green, Producer",The Hellstrom Chronicle,the hellstrom chronicle,the hellstrom chronicle_1971
736,,1972,44,DOCUMENTARY (Short Subject),"Manuel Arango and Robert Amram, Producers",Sentinels of Silence,sentinels of silence,sentinels of silence_1971
737,,1972,44,FILM EDITING,Jerry Greenberg,The French Connection,the french connection,the french connection_1971
738,,1972,44,FOREIGN LANGUAGE FILM,Italy,The Garden of the Finzi Continis,the garden of the finzi continis,the garden of the finzi continis_1971
739,,1972,44,MUSIC (Original Dramatic Score),Michel Legrand,Summer of '42,summer of '42,summer of '42_1971
740,,1972,44,MUSIC (Scoring: Adaptation and Original Song Score),Adaptation Score by John Williams,Fiddler on the Roof,fiddler on the roof,fiddler on the roof_1971
741,,1972,44,MUSIC (Song--Original for the Picture),Music and Lyrics by Isaac Hayes,Shaft,shaft,shaft_1971
742,,1972,44,SHORT SUBJECT (Animated),"Ted Petok, Producer",The Crunch Bird,the crunch bird,the crunch bird_1971
743,,1972,44,SHORT SUBJECT (Live Action),"Manuel Arango and Robert Amram, Producers",Sentinels of Silence,sentinels of silence,sentinels of silence_1971
744,,1972,44,SOUND,"Gordon K. McCallum, David Hildyard",Fiddler on the Roof,fiddler on the roof,fiddler on the roof_1971
745,,1972,44,SPECIAL VISUAL EFFECTS,"Alan Maley, Eustace Lycett, Danny Lee",Bedknobs and Broomsticks,bedknobs and broomsticks,bedknobs and broomsticks_1971
746,,1972,44,WRITING (Screenplay--based on material from another medium),Ernest Tidyman,The French Connection,the french connection,the french connection_1971
747,,1972,44,WRITING (Story and Screenplay--based on factual material or material not previously published or produced),Paddy Chayefsky,The Hospital,the hospital,the hospital_1971
748,,1973,45,ART DIRECTION,"Art Direction:  Rolf Zehetbauer, Jurgen Kiebach;  Set Decoration:  Herbert Strabel",Cabaret,cabaret,cabaret_1972
749,,1973,45,BEST PICTURE,"Albert S. Ruddy, Producer",The Godfather,the godfather,the godfather_1972
750,,1973,45,CINEMATOGRAPHY,Geoffrey Unsworth,Cabaret,cabaret,cabaret_1972
751,,1973,45,COSTUME DESIGN,Anthony Powell,Travels with My Aunt,travels with my aunt,travels with my aunt_1972
752,,1973,45,DOCUMENTARY (Feature),"Howard Smith and Sarah Kernochan, Producers",Marjoe,marjoe,marjoe_1972
753,,1973,45,DOCUMENTARY (Short Subject),"Charles Huguenot van der Linden and Martina Huguenot van der Linden, Producers",This Tiny World,this tiny world,this tiny world_1972
754,,1973,45,FILM EDITING,David Bretherton,Cabaret,cabaret,cabaret_1972
755,,1973,45,FOREIGN LANGUAGE FILM,France,The Discreet Charm of the Bourgeoisie,the discreet charm of the bourgeoisie,the discreet charm of the bourgeoisie_1972
756,,1973,45,MUSIC (Original Dramatic Score),"Charles Chaplin, Raymond Rasch, Larry Russell",Limelight,limelight,limelight_1972
757,,1973,45,MUSIC (Scoring: Adaptation and Original Song Score),Adaptation Score by Ralph Burns,Cabaret,cabaret,cabaret_1972
758,,1973,45,MUSIC (Song--Original for the Picture),Music and Lyrics by Al Kasha and Joel Hirschhorn,The Poseidon Adventure,the poseidon adventure,the poseidon adventure_1972
759,,1973,45,SHORT SUBJECT (Animated),"Richard Williams, Producer",A Christmas Carol,a christmas carol,a christmas carol_1972
760,,1973,45,SHORT SUBJECT (Live Action),"Richard Barclay, Producer",Norman Rockwell's World...An American Dream,norman rockwell's worldan american dream,norman rockwell's worldan american dream_1972
761,,1973,45,SOUND,"Robert Knudson, David Hildyard",Cabaret,cabaret,cabaret_1972
762,,1973,45,SPECIAL ACHIEVEMENT AWARD (Visual Effects),"L. B. Abbott, A. D. Flowers",The Poseidon Adventure,the poseidon adventure,the poseidon adventure_1972
763,,1973,45,WRITING (Screenplay--based on material from another medium),"Mario Puzo, Francis Ford Coppola",The Godfather,the godfather,the godfather_1972
764,,1973,45,WRITING (Story and Screenplay--based on factual material or material not previously published or produced),Jeremy Larner,The Candidate,the candidate,the candidate_1972
765,,1974,46,ART DIRECTION,Art Direction:  Henry Bumstead;  Set Decoration:  James Payne,The Sting,the sting,the sting_1973
766,,1974,46,BEST PICTURE,"Tony Bill, Michael Phillips and Julia Phillips, Producers",The Sting,the sting,the sting_1973
767,,1974,46,CINEMATOGRAPHY,Sven Nykvist,Cries and Whispers,cries and whispers,cries and whispers_1973
768,,1974,46,COSTUME DESIGN,Edith Head,The Sting,the sting,the sting_1973
769,,1974,46,DOCUMENTARY (Feature),"Kieth Merrill, Producer",The Great American Cowboy,the great american cowboy,the great american cowboy_1973
770,,1974,46,DOCUMENTARY (Short Subject),"Julian Krainin and DeWitt L. Sage, Jr., Producers",Princeton: A Search for Answers,princeton: a search for answers,princeton: a search for answers_1973
771,,1974,46,FILM EDITING,William Reynolds,The Sting,the sting,the sting_1973
772,,1974,46,FOREIGN LANGUAGE FILM,France,Day for Night,day for night,day for night_1973
773,,1974,46,MUSIC (Original Dramatic Score),Marvin Hamlisch,The Way We Were,the way we were,the way we were_1973
774,,1974,46,MUSIC (Scoring: Original Song Score and Adaptation -or- Scoring: Adaptation),Adaptation Score by Marvin Hamlisch,The Sting,the sting,the sting_1973
775,,1974,46,MUSIC (Song),Music by Marvin Hamlisch; Lyrics by Alan Bergman and Marilyn Bergman,The Way We Were,the way we were,the way we were_1973
776,,1974,46,SHORT SUBJECT (Animated),"Frank Mouris, Producer",Frank Film,frank film,frank film_1973
777,,1974,46,SHORT SUBJECT (Live Action),"Allan Miller and William Fertik, Producers",The Bolero,the bolero,the bolero_1973
778,,1974,46,SOUND,"Robert Knudson, Chris Newman",The Exorcist,the exorcist,the exorcist_1973
779,,1974,46,WRITING (Screenplay--based on material from another medium),William Peter Blatty,The Exorcist,the exorcist,the exorcist_1973
780,,1974,46,WRITING (Story and Screenplay--based on factual material or material not previously published or produced),David S. Ward,The Sting,the sting,the sting_1973
781,,1975,47,ART DIRECTION,"Art Direction:  Dean Tavoularis, Angelo Graham;  Set Decoration:  George R. Nelson",The Godfather Part II,the godfather part ii,the godfather part ii_1974
782,,1975,47,BEST PICTURE,"Francis Ford Coppola, Producer;  Gray Frederickson and Fred Roos, Co-Producers",The Godfather Part II,the godfather part ii,the godfather part ii_1974
783,,1975,47,CINEMATOGRAPHY,"Fred Koenekamp, Joseph Biroc",The Towering Inferno,the towering inferno,the towering inferno_1974
784,,1975,47,COSTUME DESIGN,Theoni V. Aldredge,The Great Gatsby,the great gatsby,the great gatsby_1974
785,,1975,47,DOCUMENTARY (Feature),"Peter Davis and Bert Schneider, Producers",Hearts and Minds,hearts and minds,hearts and minds_1974
786,,1975,47,DOCUMENTARY (Short Subject),"Robin Lehman, Producer",Don't,don't,don't_1974
787,,1975,47,FILM EDITING,"Harold F. Kress, Carl Kress",The Towering Inferno,the towering inferno,the towering inferno_1974
788,,1975,47,FOREIGN LANGUAGE FILM,Italy,Amarcord,amarcord,amarcord_1974
789,,1975,47,MUSIC (Original Dramatic Score),"Nino Rota, Carmine Coppola",The Godfather Part II,the godfather part ii,the godfather part ii_1974
790,,1975,47,MUSIC (Scoring: Original Song Score and Adaptation -or- Scoring: Adaptation),Adaptation Score by Nelson Riddle,The Great Gatsby,the great gatsby,the great gatsby_1974
791,,1975,47,MUSIC (Song),Music and Lyrics by Al Kasha and Joel Hirschhorn,The Towering Inferno,the towering inferno,the towering inferno_1974
792,,1975,47,SHORT FILM (Animated),"Will Vinton and Bob Gardiner, Producers",Closed Mondays,closed mondays,closed mondays_1974
793,,1975,47,SHORT FILM (Live Action),"Paul Claudon and Edmond Sechan, Producers",One-Eyed Men Are Kings,one eyed men are kings,one eyed men are kings_1974
794,,1975,47,SOUND,"Ronald Pierce, Melvin Metcalfe, Sr.",Earthquake,earthquake,earthquake_1974
795,,1975,47,SPECIAL ACHIEVEMENT AWARD (Visual Effects),"Frank Brendel, Glen Robinson, Albert Whitlock",Earthquake,earthquake,earthquake_1974
796,,1975,47,WRITING (Original Screenplay),Robert Towne,Chinatown,chinatown,chinatown_1974
797,,1975,47,WRITING (Screenplay Adapted from Other Material),"Francis Ford Coppola, Mario Puzo",The Godfather Part II,the godfather part ii,the godfather part ii_1974
798,,1976,48,ART DIRECTION,"Art Direction:  Ken Adam, Roy Walker;  Set Decoration:  Vernon Dixon",Barry Lyndon,barry lyndon,barry lyndon_1975
799,,1976,48,BEST PICTURE,"Saul Zaentz and Michael Douglas, Producers",One Flew over the Cuckoo's Nest,one flew over the cuckoo's nest,one flew over the cuckoo's nest_1975
800,,1976,48,CINEMATOGRAPHY,John Alcott,Barry Lyndon,barry lyndon,barry lyndon_1975
801,,1976,48,COSTUME DESIGN,"Ulla-Britt Soderlund, Milena Canonero",Barry Lyndon,barry lyndon,barry lyndon_1975
802,,1976,48,DOCUMENTARY (Feature),"F. R. Crawley, James Hager and Dale Hartleben, Producers",The Man Who Skied down Everest,the man who skied down everest,the man who skied down everest_1975
803,,1976,48,DOCUMENTARY (Short Subject),"Claire Wilbur and Robin Lehman, Producers",The End of the Game,the end of the game,the end of the game_1975
804,,1976,48,FILM EDITING,Verna Fields,Jaws,jaws,jaws_1975
805,,1976,48,FOREIGN LANGUAGE FILM,Union of Soviet Socialist Republics,Dersu Uzala,dersu uzala,dersu uzala_1975
806,,1976,48,MUSIC (Original Score),John Williams,Jaws,jaws,jaws_1975
807,,1976,48,MUSIC (Original Song),Music and Lyrics by Keith Carradine,Nashville,nashville,nashville_1975
808,,1976,48,MUSIC (Scoring: Original Song Score and Adaptation -or- Scoring: Adaptation),Adaptation Score by Leonard Rosenman,Barry Lyndon,barry lyndon,barry lyndon_1975
809,,1976,48,SHORT FILM (Animated),"Bob Godfrey, Producer",Great,great,great_1975
810,,1976,48,SHORT FILM (Live Action),"Bert Salzman, Producer",Angel and Big Joe,angel and big joe,angel and big joe_1975
811,,1976,48,SOUND,"Robert L. Hoyt, Roger Heman, Earl Madery, John Carter",Jaws,jaws,jaws_1975
812,,1976,48,SPECIAL ACHIEVEMENT AWARD (Sound Effects),Peter Berkos,The Hindenburg,the hindenburg,the hindenburg_1975
813,,1976,48,SPECIAL ACHIEVEMENT AWARD (Visual Effects),"Albert Whitlock, Glen Robinson",The Hindenburg,the hindenburg,the hindenburg_1975
814,,1976,48,WRITING (Original Screenplay),Frank Pierson,Dog Day Afternoon,dog day afternoon,dog day afternoon_1975
815,,1976,48,WRITING (Screenplay Adapted from Other Material),"Lawrence Hauben, Bo Goldman",One Flew over the Cuckoo's Nest,one flew over the cuckoo's nest,one flew over the cuckoo's nest_1975
816,,1977,49,ART DIRECTION,Art Direction:  George Jenkins;  Set Decoration:  George Gaines,All the President's Men,all the president's men,all the president's men_1976
817,,1977,49,BEST PICTURE,"Irwin Winkler and Robert Chartoff, Producers",Rocky,rocky,rocky_1976
818,,1977,49,CINEMATOGRAPHY,Haskell Wexler,Bound for Glory,bound for glory,bound for glory_1976
819,,1977,49,COSTUME DESIGN,Danilo Donati,Fellini's Casanova,fellini's casanova,fellini's casanova_1976
820,,1977,49,DOCUMENTARY (Feature),"Barbara Kopple, Producer","Harlan County, U.S.A.","harlan county, usa","harlan county, usa_1976"
821,,1977,49,DOCUMENTARY (Short Subject),"Lynne Littman, Producer",Number Our Days,number our days,number our days_1976
822,,1977,49,FILM EDITING,"Richard Halsey, Scott Conrad",Rocky,rocky,rocky_1976
823,,1977,49,FOREIGN LANGUAGE FILM,Ivory Coast,Black and White in Color,black and white in color,black and white in color_1976
824,,1977,49,MUSIC (Original Score),Jerry Goldsmith,The Omen,the omen,the omen_1976
825,,1977,49,MUSIC (Original Song Score and Its Adaptation or Adaptation Score),Adaptation Score by Leonard Rosenman,Bound for Glory,bound for glory,bound for glory_1976
826,,1977,49,MUSIC (Original Song),Music by Barbra Streisand; Lyrics by Paul Williams,A Star Is Born,a star is born,a star is born_1976
827,,1977,49,SHORT FILM (Animated),"Suzanne Baker, Producer",Leisure,leisure,leisure_1976
828,,1977,49,SHORT FILM (Live Action),"Andre Guttfreund and Peter Werner, Producers",In the Region of Ice,in the region of ice,in the region of ice_1976
829,,1977,49,SOUND,"Arthur Piantadosi, Les Fresholtz, Dick Alexander, Jim Webb",All the President's Men,all the president's men,all the president's men_1976
830,,1977,49,SPECIAL ACHIEVEMENT AWARD (Visual Effects),"Carlo Rambaldi, Glen Robinson, Frank Van der Veer",King Kong,king kong,king kong_1976
831,,1977,49,SPECIAL ACHIEVEMENT AWARD (Visual Effects),"L. B. Abbott, Glen Robinson, Matthew Yuricich",Logan's Run,logan's run,logan's run_1976
832,,1977,49,WRITING (Screenplay Written Directly for the Screen--based on factual material or on story material not previously published or produced),Paddy Chayefsky,Network,network,network_1976
833,,1977,49,WRITING (Screenplay--based on material from another medium),William Goldman,All the President's Men,all the president's men,all the president's men_1976
834,,1978,50,ART DIRECTION,"Art Direction:  John Barry, Norman Reynolds, Leslie Dilley;  Set Decoration:  Roger Christian",Star Wars,star wars,star wars_1977
835,,1978,50,BEST PICTURE,"Charles H. Joffe, Producer",Annie Hall,annie hall,annie hall_1977
836,,1978,50,CINEMATOGRAPHY,Vilmos Zsigmond,Close Encounters of the Third Kind,close encounters of the third kind,close encounters of the third kind_1977
837,,1978,50,COSTUME DESIGN,John Mollo,Star Wars,star wars,star wars_1977
838,,1978,50,DOCUMENTARY (Feature),"John Korty, Dan McCann and Warren L. Lockhart, Producers",Who Are the DeBolts? And Where Did They Get Nineteen Kids?,who are the debolts? and where did they get nineteen kids?,who are the debolts? and where did they get nineteen kids?_1977
839,,1978,50,DOCUMENTARY (Short Subject),"John Joseph and Jan Stussy, Producers",Gravity Is My Enemy,gravity is my enemy,gravity is my enemy_1977
840,,1978,50,FILM EDITING,"Paul Hirsch, Marcia Lucas, Richard Chew",Star Wars,star wars,star wars_1977
841,,1978,50,FOREIGN LANGUAGE FILM,France,Madame Rosa,madame rosa,madame rosa_1977
842,,1978,50,MUSIC (Original Score),John Williams,Star Wars,star wars,star wars_1977
843,,1978,50,MUSIC (Original Song Score and Its Adaptation or Adaptation Score),Adaptation Score by Jonathan Tunick,A Little Night Music,a little night music,a little night music_1977
844,,1978,50,MUSIC (Original Song),Music and Lyrics by Joseph Brooks,You Light Up My Life,you light up my life,you light up my life_1977
845,,1978,50,SHORT FILM (Animated),"Co Hoedeman, Producer",The Sand Castle,the sand castle,the sand castle_1977
846,,1978,50,SHORT FILM (Live Action),"Beverly Shaffer and Yuki Yoshida, Producers",I'll Find a Way,i'll find a way,i'll find a way_1977
847,,1978,50,SOUND,"Don MacDougall, Ray West, Bob Minkler, Derek Ball",Star Wars,star wars,star wars_1977
848,,1978,50,SPECIAL ACHIEVEMENT AWARD (Sound Effects Editing),Frank E. Warner,Close Encounters of the Third Kind,close encounters of the third kind,close encounters of the third kind_1977
849,,1978,50,VISUAL EFFECTS,"John Stears, John Dykstra, Richard Edlund, Grant McCune, Robert Blalack",Star Wars,star wars,star wars_1977
850,,1978,50,WRITING (Screenplay Written Directly for the Screen--based on factual material or on story material not previously published or produced),"Woody Allen, Marshall Brickman",Annie Hall,annie hall,annie hall_1977
851,,1978,50,WRITING (Screenplay--based on material from another medium),Alvin Sargent,Julia,julia,julia_1977
852,,1979,51,ART DIRECTION,"Art Direction:  Paul Sylbert, Edwin O'Donovan;  Set Decoration:  George Gaines",Heaven Can Wait,heaven can wait,heaven can wait_1978
853,,1979,51,BEST PICTURE,"Barry Spikings, Michael Deeley, Michael Cimino and John Peverall, Producers",The Deer Hunter,the deer hunter,the deer hunter_1978
854,,1979,51,CINEMATOGRAPHY,Nestor Almendros,Days of Heaven,days of heaven,days of heaven_1978
855,,1979,51,COSTUME DESIGN,Anthony Powell,Death on the Nile,death on the nile,death on the nile_1978
856,,1979,51,DOCUMENTARY (Feature),"Arnold Shapiro, Producer",Scared Straight!,scared straight!,scared straight!_1978
857,,1979,51,DOCUMENTARY (Short Subject),"Jacqueline Phillips Shedd and Ben Shedd, Producers",The Flight of the Gossamer Condor,the flight of the gossamer condor,the flight of the gossamer condor_1978
858,,1979,51,FILM EDITING,Peter Zinner,The Deer Hunter,the deer hunter,the deer hunter_1978
859,,1979,51,FOREIGN LANGUAGE FILM,France,Get Out Your Handkerchiefs,get out your handkerchiefs,get out your handkerchiefs_1978
860,,1979,51,MUSIC (Adaptation Score),Joe Renzetti,The Buddy Holly Story,the buddy holly story,the buddy holly story_1978
861,,1979,51,MUSIC (Original Score),Giorgio Moroder,Midnight Express,midnight express,midnight express_1978
862,,1979,51,MUSIC (Original Song),Music and Lyrics by Paul Jabara,Thank God It's Friday,thank god it's friday,thank god it's friday_1978
863,,1979,51,SHORT FILM (Animated),"Eunice Macaulay and John Weldon, Producers",Special Delivery,special delivery,special delivery_1978
864,,1979,51,SHORT FILM (Live Action),"Taylor Hackford, Producer",Teenage Father,teenage father,teenage father_1978
865,,1979,51,SOUND,"Richard Portman, William McCaughey, Aaron Rochin, Darin Knight",The Deer Hunter,the deer hunter,the deer hunter_1978
866,,1979,51,SPECIAL ACHIEVEMENT AWARD (Visual Effects),"Les Bowie, Colin Chilvers, Denys Coop, Roy Field, Derek Meddings, Zoran Perisic",Superman,superman,superman_1978
867,,1979,51,WRITING (Screenplay Based on Material from Another Medium),Oliver Stone,Midnight Express,midnight express,midnight express_1978
868,,1979,51,WRITING (Screenplay Written Directly for the Screen),"Story by Nancy Dowd;  Screenplay by Waldo Salt, Robert C. Jones",Coming Home,coming home,coming home_1978
869,,1980,52,ART DIRECTION,"Art Direction:  Philip Rosenberg, Tony Walton;  Set Decoration:  Edward Stewart, Gary Brink",All That Jazz,all that jazz,all that jazz_1979
870,,1980,52,BEST PICTURE,"Stanley R. Jaffe, Producer",Kramer vs. Kramer,kramer vs kramer,kramer vs kramer_1979
871,,1980,52,CINEMATOGRAPHY,Vittorio Storaro,Apocalypse Now,apocalypse now,apocalypse now_1979
872,,1980,52,COSTUME DESIGN,Albert Wolsky,All That Jazz,all that jazz,all that jazz_1979
873,,1980,52,DOCUMENTARY (Feature),"Ira Wohl, Producer",Best Boy,best boy,best boy_1979
874,,1980,52,DOCUMENTARY (Short Subject),"Saul J. Turell, Producer",Paul Robeson: Tribute to an Artist,paul robeson: tribute to an artist,paul robeson: tribute to an artist_1979
875,,1980,52,FILM EDITING,Alan Heim,All That Jazz,all that jazz,all that jazz_1979
876,,1980,52,FOREIGN LANGUAGE FILM,Federal Republic of Germany,The Tin Drum,the tin drum,the tin drum_1979
877,,1980,52,MUSIC (Original Score),Georges Delerue,A Little Romance,a little romance,a little romance_1979
878,,1980,52,MUSIC (Original Song Score and Its Adaptation -or- Adaptation Score),Adaptation Score by Ralph Burns,All That Jazz,all that jazz,all that jazz_1979
879,,1980,52,MUSIC (Original Song),Music by David Shire; Lyric by Norman Gimbel,Norma Rae,norma rae,norma rae_1979
880,,1980,52,SHORT FILM (Animated),"Derek Lamb, Producer",Every Child,every child,every child_1979
881,,1980,52,SHORT FILM (Live Action),"Sarah Pillsbury and Ron Ellis, Producers",Board and Care,board and care,board and care_1979
882,,1980,52,SOUND,"Walter Murch, Mark Berger, Richard Beggs, Nat Boxer",Apocalypse Now,apocalypse now,apocalypse now_1979
883,,1980,52,SPECIAL ACHIEVEMENT AWARD (Sound Editing),Alan Splet,The Black Stallion,the black stallion,the black stallion_1979
884,,1980,52,VISUAL EFFECTS,"H.R. Giger, Carlo Rambaldi, Brian Johnson, Nick Allder, Denys Ayling",Alien,alien,alien_1979
885,,1980,52,WRITING (Screenplay Based on Material from Another Medium),Robert Benton,Kramer vs. Kramer,kramer vs kramer,kramer vs kramer_1979
886,,1980,52,WRITING (Screenplay Written Directly for the Screen),Steve Tesich,Breaking Away,breaking away,breaking away_1979
887,,1981,53,ART DIRECTION,"Art Direction:  Pierre Guffroy, Jack Stephens",Tess,tess,tess_1980
888,,1981,53,BEST PICTURE,"Ronald L. Schwary, Producer",Ordinary People,ordinary people,ordinary people_1980
889,,1981,53,CINEMATOGRAPHY,"Geoffrey Unsworth, Ghislain Cloquet",Tess,tess,tess_1980
890,,1981,53,COSTUME DESIGN,Anthony Powell,Tess,tess,tess_1980
891,,1981,53,DOCUMENTARY (Feature),"Murray Lerner, Producer",From Mao to Mozart: Isaac Stern in China,from mao to mozart: isaac stern in china,from mao to mozart: isaac stern in china_1980
892,,1981,53,DOCUMENTARY (Short Subject),"Roland Hallé and Peter W. Ladue, Producers",Karl Hess: Toward Liberty,karl hess: toward liberty,karl hess: toward liberty_1980
893,,1981,53,FILM EDITING,Thelma Schoonmaker,Raging Bull,raging bull,raging bull_1980
894,,1981,53,FOREIGN LANGUAGE FILM,Union of Soviet Socialist Republics,Moscow Does Not Believe in Tears,moscow does not believe in tears,moscow does not believe in tears_1980
895,,1981,53,MUSIC (Original Score),Michael Gore,Fame,fame,fame_1980
896,,1981,53,MUSIC (Original Song),Music by Michael Gore; Lyric by Dean Pitchford,Fame,fame,fame_1980
897,,1981,53,SHORT FILM (Animated),"Ferenc Rofusz, Producer",The Fly,the fly,the fly_1980
898,,1981,53,SHORT FILM (Dramatic Live Action),"Lloyd Phillips, Producer",The Dollar Bottom,the dollar bottom,the dollar bottom_1980
899,,1981,53,SOUND,"Bill Varney, Steve Maslow, Gregg Landaker, Peter Sutton",The Empire Strikes Back,the empire strikes back,the empire strikes back_1980
900,,1981,53,SPECIAL ACHIEVEMENT AWARD (Visual Effects),"Brian Johnson, Richard Edlund, Dennis Muren, Bruce Nicholson",The Empire Strikes Back,the empire strikes back,the empire strikes back_1980
901,,1981,53,WRITING (Screenplay Based on Material from Another Medium),Alvin Sargent,Ordinary People,ordinary people,ordinary people_1980
902,,1981,53,WRITING (Screenplay Written Directly for the Screen),Bo Goldman,Melvin and Howard,melvin and howard,melvin and howard_1980
903,,1982,54,ART DIRECTION,"Art Direction:  Norman Reynolds, Leslie Dilley;  Set Decoration:  Michael Ford",Raiders of the Lost Ark,raiders of the lost ark,raiders of the lost ark_1981
904,,1982,54,BEST PICTURE,"David Puttnam, Producer",Chariots of Fire,chariots of fire,chariots of fire_1981
905,,1982,54,CINEMATOGRAPHY,Vittorio Storaro,Reds,reds,reds_1981
906,,1982,54,COSTUME DESIGN,Milena Canonero,Chariots of Fire,chariots of fire,chariots of fire_1981
907,,1982,54,DOCUMENTARY (Feature),"Arnold Schwartzman and Rabbi Marvin Hier, Producers",Genocide,genocide,genocide_1981
908,,1982,54,DOCUMENTARY (Short Subject),"Nigel Noble, Producer",Close Harmony,close harmony,close harmony_1981
909,,1982,54,FILM EDITING,Michael Kahn,Raiders of the Lost Ark,raiders of the lost ark,raiders of the lost ark_1981
910,,1982,54,FOREIGN LANGUAGE FILM,Hungary,Mephisto,mephisto,mephisto_1981
911,,1982,54,MAKEUP,Rick Baker,An American Werewolf in London,an american werewolf in london,an american werewolf in london_1981
912,,1982,54,MUSIC (Original Score),Vangelis,Chariots of Fire,chariots of fire,chariots of fire_1981
913,,1982,54,MUSIC (Original Song),"Music and Lyric by Burt Bacharach, Carole Bayer Sager, Christopher Cross and Peter Allen",Arthur,arthur,arthur_1981
914,,1982,54,SHORT FILM (Animated),"Frédéric Back, Producer",Crac,crac,crac_1981
915,,1982,54,SHORT FILM (Live Action),"Paul Kemp and Shelley Levinson, Producers",Violet,violet,violet_1981
916,,1982,54,SOUND,"Bill Varney, Steve Maslow, Gregg Landaker, Roy Charman",Raiders of the Lost Ark,raiders of the lost ark,raiders of the lost ark_1981
917,,1982,54,SPECIAL ACHIEVEMENT AWARD (Sound Effects Editing),"Ben Burtt, Richard L. Anderson",Raiders of the Lost Ark,raiders of the lost ark,raiders of the lost ark_1981
918,,1982,54,VISUAL EFFECTS,"Richard Edlund, Kit West, Bruce Nicholson, Joe Johnston",Raiders of the Lost Ark,raiders of the lost ark,raiders of the lost ark_1981
919,,1982,54,WRITING (Screenplay Based on Material from Another Medium),Ernest Thompson,On Golden Pond,on golden pond,on golden pond_1981
920,,1982,54,WRITING (Screenplay Written Directly for the Screen),Colin Welland,Chariots of Fire,chariots of fire,chariots of fire_1981
921,,1983,55,ART DIRECTION,"Art Direction:  Stuart Craig, Bob Laing;  Set Decoration:  Michael Seirton",Gandhi,gandhi,gandhi_1982
922,,1983,55,BEST PICTURE,"Richard Attenborough, Producer",Gandhi,gandhi,gandhi_1982
923,,1983,55,CINEMATOGRAPHY,"Billy Williams, Ronnie Taylor",Gandhi,gandhi,gandhi_1982
924,,1983,55,COSTUME DESIGN,"John Mollo, Bhanu Athaiya",Gandhi,gandhi,gandhi_1982
925,,1983,55,DOCUMENTARY (Feature),"John Zaritsky, Producer",Just Another Missing Kid,just another missing kid,just another missing kid_1982
926,,1983,55,DOCUMENTARY (Short Subject),"Edward Le Lorrain and Terri Nash, Producers",If You Love This Planet,if you love this planet,if you love this planet_1982
927,,1983,55,FILM EDITING,John Bloom,Gandhi,gandhi,gandhi_1982
928,,1983,55,FOREIGN LANGUAGE FILM,Spain,Volver a Empezar ('To Begin Again'),volver a empezar ('to begin again'),volver a empezar ('to begin again')_1982
929,,1983,55,MAKEUP,"Sarah Monzani, Michèle Burke",Quest for Fire,quest for fire,quest for fire_1982
930,,1983,55,MUSIC (Original Score),John Williams,E.T. The Extra-Terrestrial,et the extra terrestrial,et the extra terrestrial_1982
931,,1983,55,MUSIC (Original Song Score and Its Adaptation -or- Adaptation Score),Song Score by Henry Mancini and Leslie Bricusse; Adaptation Score by Henry Mancini,Victor/Victoria,victor/victoria,victor/victoria_1982
932,,1983,55,MUSIC (Original Song),Music by Jack Nitzsche and Buffy Sainte-Marie; Lyric by Will Jennings,An Officer and a Gentleman,an officer and a gentleman,an officer and a gentleman_1982
933,,1983,55,SHORT FILM (Animated),"Zbigniew Rybczynski, Producer",Tango,tango,tango_1982
934,,1983,55,SHORT FILM (Live Action),"Christine Oestreicher, Producer",A Shocking Accident,a shocking accident,a shocking accident_1982
935,,1983,55,SOUND,"Robert Knudson, Robert Glass, Don Digirolamo, Gene Cantamessa",E.T. The Extra-Terrestrial,et the extra terrestrial,et the extra terrestrial_1982
936,,1983,55,SOUND EFFECTS EDITING,"Charles L. Campbell, Ben Burtt",E.T. The Extra-Terrestrial,et the extra terrestrial,et the extra terrestrial_1982
937,,1983,55,VISUAL EFFECTS,"Carlo Rambaldi, Dennis Muren, Kenneth F. Smith",E.T. The Extra-Terrestrial,et the extra terrestrial,et the extra terrestrial_1982
938,,1983,55,WRITING (Screenplay Based on Material from Another Medium),"Costa-Gavras, Donald Stewart",Missing,missing,missing_1982
939,,1983,55,WRITING (Screenplay Written Directly for the Screen),John Briley,Gandhi,gandhi,gandhi_1982
940,,1984,56,ART DIRECTION,Anna Asp,Fanny & Alexander,fanny & alexander,fanny & alexander_1983
941,,1984,56,BEST PICTURE,"James L. Brooks, Producer",Terms of Endearment,terms of endearment,terms of endearment_1983
942,,1984,56,CINEMATOGRAPHY,Sven Nykvist,Fanny & Alexander,fanny & alexander,fanny & alexander_1983
943,,1984,56,COSTUME DESIGN,Marik Vos,Fanny & Alexander,fanny & alexander,fanny & alexander_1983
944,,1984,56,DOCUMENTARY (Feature),"Emile Ardolino, Producer",He Makes Me Feel Like Dancin',he makes me feel like dancin',he makes me feel like dancin'_1983
945,,1984,56,DOCUMENTARY (Short Subject),"Cynthia Scott and Adam Symansky, Producers",Flamenco at 5:15,flamenco at 5:15,flamenco at 5:15_1983
946,,1984,56,FILM EDITING,"Glenn Farr, Lisa Fruchtman, Stephen A. Rotter, Douglas Stewart, Tom Rolf",The Right Stuff,the right stuff,the right stuff_1983
947,,1984,56,FOREIGN LANGUAGE FILM,Sweden,Fanny & Alexander,fanny & alexander,fanny & alexander_1983
948,,1984,56,MUSIC (Original Score),Bill Conti,The Right Stuff,the right stuff,the right stuff_1983
949,,1984,56,MUSIC (Original Song Score or Adaptation Score),"Song Score by Michel Legrand, Alan Bergman and Marilyn Bergman",Yentl,yentl,yentl_1983
950,,1984,56,MUSIC (Original Song),Music by Giorgio Moroder; Lyric by Keith Forsey and Irene Cara,Flashdance,flashdance,flashdance_1983
951,,1984,56,SHORT FILM (Animated),"Jimmy Picker, Producer",Sundae in New York,sundae in new york,sundae in new york_1983
952,,1984,56,SHORT FILM (Live Action),"Janice L. Platt, Producer",Boys and Girls,boys and girls,boys and girls_1983
953,,1984,56,SOUND,"Mark Berger, Tom Scott, Randy Thom, David MacMillan",The Right Stuff,the right stuff,the right stuff_1983
954,,1984,56,SOUND EFFECTS EDITING,Jay Boekelheide,The Right Stuff,the right stuff,the right stuff_1983
955,,1984,56,SPECIAL ACHIEVEMENT AWARD (Visual Effects),"Richard Edlund, Dennis Muren, Ken Ralston, Phil Tippett",Return of the Jedi,return of the jedi,return of the jedi_1983
956,,1984,56,WRITING (Screenplay Based on Material from Another Medium),James L. Brooks,Terms of Endearment,terms of endearment,terms of endearment_1983
957,,1984,56,WRITING (Screenplay Written Directly for the Screen),Horton Foote,Tender Mercies,tender mercies,tender mercies_1983
958,,1985,57,ART DIRECTION,Art Direction:  Patrizia Von Brandenstein;  Set Decoration:  Karel Cerny,Amadeus,amadeus,amadeus_1984
959,,1985,57,BEST PICTURE,"Saul Zaentz, Producer",Amadeus,amadeus,amadeus_1984
960,,1985,57,CINEMATOGRAPHY,Chris Menges,The Killing Fields,the killing fields,the killing fields_1984
961,,1985,57,COSTUME DESIGN,Theodor Pistek,Amadeus,amadeus,amadeus_1984
962,,1985,57,DOCUMENTARY (Feature),"Robert Epstein and Richard Schmiechen, Producers",The Times of Harvey Milk,the times of harvey milk,the times of harvey milk_1984
963,,1985,57,DOCUMENTARY (Short Subject),"Marjorie Hunt and Paul Wagner, Producers",The Stone Carvers,the stone carvers,the stone carvers_1984
964,,1985,57,FILM EDITING,Jim Clark,The Killing Fields,the killing fields,the killing fields_1984
965,,1985,57,FOREIGN LANGUAGE FILM,Switzerland,Dangerous Moves,dangerous moves,dangerous moves_1984
966,,1985,57,MAKEUP,"Paul LeBlanc, Dick Smith",Amadeus,amadeus,amadeus_1984
967,,1985,57,MUSIC (Original Score),Maurice Jarre,A Passage to India,a passage to india,a passage to india_1984
968,,1985,57,MUSIC (Original Song Score),Prince,Purple Rain,purple rain,purple rain_1984
969,,1985,57,MUSIC (Original Song),Music and Lyric by Stevie Wonder,The Woman in Red,the woman in red,the woman in red_1984
970,,1985,57,SHORT FILM (Animated),"Jon Minnis, Producer",Charade,charade,charade_1984
971,,1985,57,SHORT FILM (Live Action),"Mike Hoover, Producer",Up,up,up_1984
972,,1985,57,SOUND,"Mark Berger, Tom Scott, Todd Boekelheide, Chris Newman",Amadeus,amadeus,amadeus_1984
973,,1985,57,SPECIAL ACHIEVEMENT AWARD (Sound Effects Editing),Kay Rose,The River,the river,the river_1984
974,,1985,57,VISUAL EFFECTS,"Dennis Muren, Michael McAlister, Lorne Peterson, George Gibbs",Indiana Jones and the Temple of Doom,indiana jones and the temple of doom,indiana jones and the temple of doom_1984
975,,1985,57,WRITING (Screenplay Based on Material from Another Medium),Peter Shaffer,Amadeus,amadeus,amadeus_1984
976,,1985,57,WRITING (Screenplay Written Directly for the Screen),Robert Benton,Places in the Heart,places in the heart,places in the heart_1984
977,,1986,58,ART DIRECTION,Art Direction:  Stephen Grimes;  Set Decoration:  Josie MacAvin,Out of Africa,out of africa,out of africa_1985
978,,1986,58,BEST PICTURE,"Sydney Pollack, Producer",Out of Africa,out of africa,out of africa_1985
979,,1986,58,CINEMATOGRAPHY,David Watkin,Out of Africa,out of africa,out of africa_1985
980,,1986,58,COSTUME DESIGN,Emi Wada,Ran,ran,ran_1985
981,,1986,58,DOCUMENTARY (Feature),"Maria Florio and Victoria Mudd, Producers",Broken Rainbow,broken rainbow,broken rainbow_1985
982,,1986,58,DOCUMENTARY (Short Subject),"David Goodman, Producer",Witness to War: Dr. Charlie Clements,witness to war: dr charlie clements,witness to war: dr charlie clements_1985
983,,1986,58,FILM EDITING,Thom Noble,Witness,witness,witness_1985
984,,1986,58,FOREIGN LANGUAGE FILM,Argentina,The Official Story,the official story,the official story_1985
985,,1986,58,MAKEUP,"Michael Westmore, Zoltan Elek",Mask,mask,mask_1985
986,,1986,58,MUSIC (Original Score),John Barry,Out of Africa,out of africa,out of africa_1985
987,,1986,58,MUSIC (Original Song),Music and Lyric by Lionel Richie,White Nights,white nights,white nights_1985
988,,1986,58,SHORT FILM (Animated),"Cilia Van Dijk, Producer",Anna & Bella,anna & bella,anna & bella_1985
989,,1986,58,SHORT FILM (Live Action),"Jeff Brown and Chris Pelzer, Producers",Molly's Pilgrim,molly's pilgrim,molly's pilgrim_1985
990,,1986,58,SOUND,"Chris Jenkins, Gary Alexander, Larry Stensvold, Peter Handford",Out of Africa,out of africa,out of africa_1985
991,,1986,58,SOUND EFFECTS EDITING,"Charles L. Campbell, Robert Rutledge",Back to the Future,back to the future,back to the future_1985
992,,1986,58,VISUAL EFFECTS,"Ken Ralston, Ralph McQuarrie, Scott Farrar, David Berry",Cocoon,cocoon,cocoon_1985
993,,1986,58,WRITING (Screenplay Based on Material from Another Medium),Kurt Luedtke,Out of Africa,out of africa,out of africa_1985
994,,1986,58,WRITING (Screenplay Written Directly for the Screen),"Screenplay by Earl W. Wallace, William Kelley;  Story by William Kelley, Pamela Wallace, Earl W. Wallace",Witness,witness,witness_1985
995,,1987,59,ART DIRECTION,"Art Direction:  Gianni Quaranta, Brian Ackland-Snow;  Set Decoration:  Brian Savegar, Elio Altamura",A Room with a View,a room with a view,a room with a view_1986
996,,1987,59,BEST PICTURE,"Arnold Kopelson, Producer",Platoon,platoon,platoon_1986
997,,1987,59,CINEMATOGRAPHY,Chris Menges,The Mission,the mission,the mission_1986
998,,1987,59,COSTUME DESIGN,"Jenny Beavan, John Bright",A Room with a View,a room with a view,a room with a view_1986
999,,1987,59,DOCUMENTARY (Feature),"Brigitte Berman, Producer",Artie Shaw: Time Is All You've Got,artie shaw: time is all you've got,artie shaw: time is all you've got_1986
1000,,1987,59,DOCUMENTARY (Feature),"Joseph Feury and Milton Justice, Producers",Down and Out in America,down and out in america,down and out in america_1986
1001,,1987,59,DOCUMENTARY (Short Subject),"Vivienne Verdon-Roe, Producer","Women--for America, for the World","women for america, for the world","women for america, for the world_1986"
1002,,1987,59,FILM EDITING,Claire Simpson,Platoon,platoon,platoon_1986
1003,,1987,59,FOREIGN LANGUAGE FILM,The Netherlands,The Assault,the assault,the assault_1986
1004,,1987,59,MAKEUP,"Chris Walas, Stephan Dupuis",The Fly,the fly,the fly_1986
1005,,1987,59,MUSIC (Original Score),Herbie Hancock,'Round Midnight,'round midnight,'round midnight_1986
1006,,1987,59,MUSIC (Original Song),Music by Giorgio Moroder; Lyric by Tom Whitlock,Top Gun,top gun,top gun_1986
1007,,1987,59,SHORT FILM (Animated),"Linda Van Tulden and Willem Thijssen, Producers",A Greek Tragedy,a greek tragedy,a greek tragedy_1986
1008,,1987,59,SHORT FILM (Live Action),"Chuck Workman, Producer",Precious Images,precious images,precious images_1986
1009,,1987,59,SOUND,"John K. Wilkinson, Richard Rogers, Charles 'Bud' Grenzbach,  Simon Kaye",Platoon,platoon,platoon_1986
1010,,1987,59,SOUND EFFECTS EDITING,Don Sharpe,Aliens,aliens,aliens_1986
1011,,1987,59,VISUAL EFFECTS,"Robert Skotak, Stan Winston, John Richardson, Suzanne Benson",Aliens,aliens,aliens_1986
1012,,1987,59,WRITING (Screenplay Based on Material from Another Medium),Ruth Prawer Jhabvala,A Room with a View,a room with a view,a room with a view_1986
1013,,1987,59,WRITING (Screenplay Written Directly for the Screen),Woody Allen,Hannah and Her Sisters,hannah and her sisters,hannah and her sisters_1986
1014,,1988,60,ART DIRECTION,"Art Direction:  Ferdinando Scarfiotti;  Set Decoration:  Bruno Cesari, Osvaldo Desideri",The Last Emperor,the last emperor,the last emperor_1987
1015,,1988,60,BEST PICTURE,"Jeremy Thomas, Producer",The Last Emperor,the last emperor,the last emperor_1987
1016,,1988,60,CINEMATOGRAPHY,Vittorio Storaro,The Last Emperor,the last emperor,the last emperor_1987
1017,,1988,60,COSTUME DESIGN,James Acheson,The Last Emperor,the last emperor,the last emperor_1987
1018,,1988,60,DOCUMENTARY (Feature),"Aviva Slesin, Producer",The Ten-Year Lunch: The Wit and Legend of the Algonquin Round Table,the ten year lunch: the wit and legend of the algonquin round table,the ten year lunch: the wit and legend of the algonquin round table_1987
1019,,1988,60,DOCUMENTARY (Short Subject),"Sue Marx and Pamela Conn, Producers",Young at Heart,young at heart,young at heart_1987
1020,,1988,60,FILM EDITING,Gabriella Cristiani,The Last Emperor,the last emperor,the last emperor_1987
1021,,1988,60,FOREIGN LANGUAGE FILM,Denmark,Babette's Feast,babette's feast,babette's feast_1987
1022,,1988,60,MAKEUP,Rick Baker,Harry and the Hendersons,harry and the hendersons,harry and the hendersons_1987
1023,,1988,60,MUSIC (Original Score),"Ryuichi Sakamoto, David Byrne, Cong Su",The Last Emperor,the last emperor,the last emperor_1987
1024,,1988,60,MUSIC (Original Song),"Music by Franke Previte, John DeNicola and Donald Markowitz; Lyric by Franke Previte",Dirty Dancing,dirty dancing,dirty dancing_1987
1025,,1988,60,SHORT FILM (Animated),"Frédéric Back, Producer",The Man Who Planted Trees,the man who planted trees,the man who planted trees_1987
1026,,1988,60,SHORT FILM (Live Action),"Jonathan Sanger and Jana Sue Memel, Producers",Ray's Male Heterosexual Dance Hall,ray's male heterosexual dance hall,ray's male heterosexual dance hall_1987
1027,,1988,60,SOUND,"Bill Rowe, Ivan Sharrock",The Last Emperor,the last emperor,the last emperor_1987
1028,,1988,60,SPECIAL ACHIEVEMENT AWARD (Sound Effects Editing),"Stephen Flick, John Pospisil",RoboCop,robocop,robocop_1987
1029,,1988,60,VISUAL EFFECTS,"Dennis Muren, William George, Harley Jessup, Kenneth Smith",Innerspace,innerspace,innerspace_1987
1030,,1988,60,WRITING (Screenplay Based on Material from Another Medium),"Mark Peploe, Bernardo Bertolucci",The Last Emperor,the last emperor,the last emperor_1987
1031,,1988,60,WRITING (Screenplay Written Directly for the Screen),John Patrick Shanley,Moonstruck,moonstruck,moonstruck_1987
1032,,1989,61,ART DIRECTION,Art Direction:  Stuart Craig;  Set Decoration:  Gerard James,Dangerous Liaisons,dangerous liaisons,dangerous liaisons_1988
1033,,1989,61,BEST PICTURE,"Mark Johnson, Producer",Rain Man,rain man,rain man_1988
1034,,1989,61,CINEMATOGRAPHY,Peter Biziou,Mississippi Burning,mississippi burning,mississippi burning_1988
1035,,1989,61,COSTUME DESIGN,James Acheson,Dangerous Liaisons,dangerous liaisons,dangerous liaisons_1988
1036,,1989,61,DOCUMENTARY (Feature),"Marcel Ophuls, Producer",Hotel Terminus: The Life and Times of Klaus Barbie,hotel terminus: the life and times of klaus barbie,hotel terminus: the life and times of klaus barbie_1988
1037,,1989,61,DOCUMENTARY (Short Subject),"William Guttentag and Malcolm Clarke, Producers",You Don't Have to Die,you don't have to die,you don't have to die_1988
1038,,1989,61,FILM EDITING,Arthur Schmidt,Who Framed Roger Rabbit,who framed roger rabbit,who framed roger rabbit_1988
1039,,1989,61,FOREIGN LANGUAGE FILM,Denmark,Pelle the Conqueror,pelle the conqueror,pelle the conqueror_1988
1040,,1989,61,MAKEUP,"Ve Neill, Steve La Porte, Robert Short",Beetlejuice,beetlejuice,beetlejuice_1988
1041,,1989,61,MUSIC (Original Score),Dave Grusin,The Milagro Beanfield War,the milagro beanfield war,the milagro beanfield war_1988
1042,,1989,61,MUSIC (Original Song),Music and Lyric by Carly Simon,Working Girl,working girl,working girl_1988
1043,,1989,61,SHORT FILM (Animated),"John Lasseter, William Reeves",Tin Toy,tin toy,tin toy_1988
1044,,1989,61,SHORT FILM (Live Action),"Dean Parisot, Steven Wright",The Appointments of Dennis Jennings,the appointments of dennis jennings,the appointments of dennis jennings_1988
1045,,1989,61,SOUND,"Les Fresholtz, Dick Alexander, Vern Poore, Willie D. Burton",Bird,bird,bird_1988
1046,,1989,61,SOUND EFFECTS EDITING,"Charles L. Campbell, Louis L. Edemann",Who Framed Roger Rabbit,who framed roger rabbit,who framed roger rabbit_1988
1047,,1989,61,VISUAL EFFECTS,"Ken Ralston, Richard Williams, Edward Jones, George Gibbs",Who Framed Roger Rabbit,who framed roger rabbit,who framed roger rabbit_1988
1048,,1989,61,WRITING (Screenplay Based on Material from Another Medium),Christopher Hampton,Dangerous Liaisons,dangerous liaisons,dangerous liaisons_1988
1049,,1989,61,WRITING (Screenplay Written Directly for the Screen),"Screenplay by Ronald Bass, Barry Morrow;  Story by Barry Morrow",Rain Man,rain man,rain man_1988
1050,,1990,62,ART DIRECTION,Art Direction:  Anton Furst;  Set Decoration:  Peter Young,Batman,batman,batman_1989
1051,,1990,62,BEST PICTURE,"Richard D. Zanuck and Lili Fini Zanuck, Producers",Driving Miss Daisy,driving miss daisy,driving miss daisy_1989
1052,,1990,62,CINEMATOGRAPHY,Freddie Francis,Glory,glory,glory_1989
1053,,1990,62,COSTUME DESIGN,Phyllis Dalton,Henry V,henry v,henry v_1989
1054,,1990,62,DOCUMENTARY (Feature),"Robert Epstein and Bill Couturié, Producers",Common Threads: Stories from the Quilt,common threads: stories from the quilt,common threads: stories from the quilt_1989
1055,,1990,62,DOCUMENTARY (Short Subject),"Charles Guggenheim, Producer",The Johnstown Flood,the johnstown flood,the johnstown flood_1989
1056,,1990,62,FILM EDITING,"David Brenner, Joe Hutshing",Born on the Fourth of July,born on the fourth of july,born on the fourth of july_1989
1057,,1990,62,FOREIGN LANGUAGE FILM,Italy,Cinema Paradiso,cinema paradiso,cinema paradiso_1989
1058,,1990,62,MAKEUP,"Manlio Rocchetti, Lynn Barber, Kevin Haney",Driving Miss Daisy,driving miss daisy,driving miss daisy_1989
1059,,1990,62,MUSIC (Original Score),Alan Menken,The Little Mermaid,the little mermaid,the little mermaid_1989
1060,,1990,62,MUSIC (Original Song),Music by Alan Menken; Lyric by Howard Ashman,The Little Mermaid,the little mermaid,the little mermaid_1989
1061,,1990,62,SHORT FILM (Animated),"Christoph Lauenstein, Wolfgang Lauenstein",Balance,balance,balance_1989
1062,,1990,62,SHORT FILM (Live Action),James Hendrie,Work Experience,work experience,work experience_1989
1063,,1990,62,SOUND,"Donald O. Mitchell, Gregg C. Rudloff, Elliot Tyson, Russell Williams II",Glory,glory,glory_1989
1064,,1990,62,SOUND EFFECTS EDITING,"Ben Burtt, Richard Hymns",Indiana Jones and the Last Crusade,indiana jones and the last crusade,indiana jones and the last crusade_1989
1065,,1990,62,VISUAL EFFECTS,"John Bruno, Dennis Muren, Hoyt Yeatman, Dennis Skotak",The Abyss,the abyss,the abyss_1989
1066,,1990,62,WRITING (Screenplay Based on Material from Another Medium),Alfred Uhry,Driving Miss Daisy,driving miss daisy,driving miss daisy_1989
1067,,1990,62,WRITING (Screenplay Written Directly for the Screen),Tom Schulman,Dead Poets Society,dead poets society,dead poets society_1989
1068,,1991,63,ART DIRECTION,Art Direction:  Richard Sylbert;  Set Decoration:  Rick Simpson,Dick Tracy,dick tracy,dick tracy_1990
1069,,1991,63,BEST PICTURE,"Jim Wilson and Kevin Costner, Producers",Dances With Wolves,dances with wolves,dances with wolves_1990
1070,,1991,63,CINEMATOGRAPHY,Dean Semler,Dances With Wolves,dances with wolves,dances with wolves_1990
1071,,1991,63,COSTUME DESIGN,Franca Squarciapino,Cyrano de Bergerac,cyrano de bergerac,cyrano de bergerac_1990
1072,,1991,63,DOCUMENTARY (Feature),"Barbara Kopple and Arthur Cohn, Producers",American Dream,american dream,american dream_1990
1073,,1991,63,DOCUMENTARY (Short Subject),"Steven Okazaki, Producer",Days of Waiting,days of waiting,days of waiting_1990
1074,,1991,63,FILM EDITING,Neil Travis,Dances With Wolves,dances with wolves,dances with wolves_1990
1075,,1991,63,FOREIGN LANGUAGE FILM,Switzerland,Journey of Hope,journey of hope,journey of hope_1990
1076,,1991,63,MAKEUP,"John Caglione, Jr., Doug Drexler",Dick Tracy,dick tracy,dick tracy_1990
1077,,1991,63,MUSIC (Original Score),John Barry,Dances With Wolves,dances with wolves,dances with wolves_1990
1078,,1991,63,MUSIC (Original Song),Music and Lyric by Stephen Sondheim,Dick Tracy,dick tracy,dick tracy_1990
1079,,1991,63,SHORT FILM (Animated),Nick Park,Creature Comforts,creature comforts,creature comforts_1990
1080,,1991,63,SHORT FILM (Live Action),Adam Davidson,The Lunch Date,the lunch date,the lunch date_1990
1081,,1991,63,SOUND,"Jeffrey Perkins, Bill W. Benton, Greg Watkins, Russell Williams II",Dances With Wolves,dances with wolves,dances with wolves_1990
1082,,1991,63,SOUND EFFECTS EDITING,"Cecelia Hall, George Watters II",The Hunt for Red October,the hunt for red october,the hunt for red october_1990
1083,,1991,63,SPECIAL ACHIEVEMENT AWARD (Visual Effects),"Eric Brevig, Rob Bottin, Tim McGovern, Alex Funke",Total Recall,total recall,total recall_1990
1084,,1991,63,WRITING (Screenplay Based on Material from Another Medium),Michael Blake,Dances With Wolves,dances with wolves,dances with wolves_1990
1085,,1991,63,WRITING (Screenplay Written Directly for the Screen),Bruce Joel Rubin,Ghost,ghost,ghost_1990
1086,,1992,64,ART DIRECTION,Art Direction:  Dennis Gassner;  Set Decoration:  Nancy Haigh,Bugsy,bugsy,bugsy_1991
1087,,1992,64,BEST PICTURE,"Edward Saxon, Kenneth Utt and Ron Bozman, Producers",The Silence of the Lambs,the silence of the lambs,the silence of the lambs_1991
1088,,1992,64,CINEMATOGRAPHY,Robert Richardson,JFK,jfk,jfk_1991
1089,,1992,64,COSTUME DESIGN,Albert Wolsky,Bugsy,bugsy,bugsy_1991
1090,,1992,64,DOCUMENTARY (Feature),"Allie Light and Irving Saraf, Producers",In the Shadow of the Stars,in the shadow of the stars,in the shadow of the stars_1991
1091,,1992,64,DOCUMENTARY (Short Subject),"Debra Chasnoff, Producer","Deadly Deception: General Electric, Nuclear Weapons and Our Environment","deadly deception: general electric, nuclear weapons and our environment","deadly deception: general electric, nuclear weapons and our environment_1991"
1092,,1992,64,FILM EDITING,"Joe Hutshing, Pietro Scalia",JFK,jfk,jfk_1991
1093,,1992,64,FOREIGN LANGUAGE FILM,Italy,Mediterraneo,mediterraneo,mediterraneo_1991
1094,,1992,64,MAKEUP,"Stan Winston, Jeff Dawn",Terminator 2: Judgment Day,terminator 2: judgment day,terminator 2: judgment day_1991
1095,,1992,64,MUSIC (Original Score),Alan Menken,Beauty and the Beast,beauty and the beast,beauty and the beast_1991
1096,,1992,64,MUSIC (Original Song),Music by Alan Menken; Lyric by Howard Ashman,Beauty and the Beast,beauty and the beast,beauty and the beast_1991
1097,,1992,64,SHORT FILM (Animated),Daniel Greaves,Manipulation,manipulation,manipulation_1991
1098,,1992,64,SHORT FILM (Live Action),"Seth Winston, Rob Fried",Session Man,session man,session man_1991
1099,,1992,64,SOUND,"Tom Johnson, Gary Rydstrom, Gary Summers, Lee Orloff",Terminator 2: Judgment Day,terminator 2: judgment day,terminator 2: judgment day_1991
1100,,1992,64,SOUND EFFECTS EDITING,"Gary Rydstrom, Gloria S. Borders",Terminator 2: Judgment Day,terminator 2: judgment day,terminator 2: judgment day_1991
1101,,1992,64,VISUAL EFFECTS,"Dennis Muren, Stan Winston, Gene Warren, Jr., Robert Skotak",Terminator 2: Judgment Day,terminator 2: judgment day,terminator 2: judgment day_1991
1102,,1992,64,WRITING (Screenplay Based on Material Previously Produced or Published),Ted Tally,The Silence of the Lambs,the silence of the lambs,the silence of the lambs_1991
1103,,1992,64,WRITING (Screenplay Written Directly for the Screen),Callie Khouri,Thelma & Louise,thelma & louise,thelma & louise_1991
1104,,1993,65,ART DIRECTION,Art Direction:  Luciana Arrighi;  Set Decoration:  Ian Whittaker,Howards End,howards end,howards end_1992
1105,,1993,65,BEST PICTURE,"Clint Eastwood, Producer",Unforgiven,unforgiven,unforgiven_1992
1106,,1993,65,CINEMATOGRAPHY,Philippe Rousselot,A River Runs through It,a river runs through it,a river runs through it_1992
1107,,1993,65,COSTUME DESIGN,Eiko Ishioka,Bram Stoker's Dracula,bram stoker's dracula,bram stoker's dracula_1992
1108,,1993,65,DOCUMENTARY (Feature),"Barbara Trent and David Kasper, Producers",The Panama Deception,the panama deception,the panama deception_1992
1109,,1993,65,DOCUMENTARY (Short Subject),"Thomas C. Goodwin and Gerardine Wurzburg, Producers",Educating Peter,educating peter,educating peter_1992
1110,,1993,65,FILM EDITING,Joel Cox,Unforgiven,unforgiven,unforgiven_1992
1111,,1993,65,FOREIGN LANGUAGE FILM,France,Indochine,indochine,indochine_1992
1112,,1993,65,MAKEUP,"Greg Cannom, Michèle Burke, Matthew W. Mungle",Bram Stoker's Dracula,bram stoker's dracula,bram stoker's dracula_1992
1113,,1993,65,MUSIC (Original Score),Alan Menken,Aladdin,aladdin,aladdin_1992
1114,,1993,65,MUSIC (Original Song),Music by Alan Menken; Lyric by Tim Rice,Aladdin,aladdin,aladdin_1992
1115,,1993,65,SHORT FILM (Animated),Joan C. Gratz,Mona Lisa Descending a Staircase,mona lisa descending a staircase,mona lisa descending a staircase_1992
1116,,1993,65,SHORT FILM (Live Action),Sam Karmann,Omnibus,omnibus,omnibus_1992
1117,,1993,65,SOUND,"Chris Jenkins, Doug Hemphill, Mark Smith, Simon Kaye",The Last of the Mohicans,the last of the mohicans,the last of the mohicans_1992
1118,,1993,65,SOUND EFFECTS EDITING,"Tom C. McCarthy, David E. Stone",Bram Stoker's Dracula,bram stoker's dracula,bram stoker's dracula_1992
1119,,1993,65,VISUAL EFFECTS,"Ken Ralston, Doug Chiang, Doug Smythe, Tom Woodruff, Jr.",Death Becomes Her,death becomes her,death becomes her_1992
1120,,1993,65,WRITING (Screenplay Based on Material Previously Produced or Published),Ruth Prawer Jhabvala,Howards End,howards end,howards end_1992
1121,,1993,65,WRITING (Screenplay Written Directly for the Screen),Neil Jordan,The Crying Game,the crying game,the crying game_1992
1122,,1994,66,ART DIRECTION,Art Direction:  Allan Starski;  Set Decoration:  Ewa Braun,Schindler's List,schindler's list,schindler's list_1993
1123,,1994,66,BEST PICTURE,"Steven Spielberg, Gerald R. Molen and Branko Lustig, Producers",Schindler's List,schindler's list,schindler's list_1993
1124,,1994,66,CINEMATOGRAPHY,Janusz Kaminski,Schindler's List,schindler's list,schindler's list_1993
1125,,1994,66,COSTUME DESIGN,Gabriella Pescucci,The Age of Innocence,the age of innocence,the age of innocence_1993
1126,,1994,66,DOCUMENTARY (Feature),"Susan Raymond, Alan Raymond",I Am a Promise: The Children of Stanton Elementary School,i am a promise: the children of stanton elementary school,i am a promise: the children of stanton elementary school_1993
1127,,1994,66,DOCUMENTARY (Short Subject),"Margaret Lazarus, Renner Wunderlich",Defending Our Lives,defending our lives,defending our lives_1993
1128,,1994,66,FILM EDITING,Michael Kahn,Schindler's List,schindler's list,schindler's list_1993
1129,,1994,66,FOREIGN LANGUAGE FILM,Spain,Belle Epoque,belle epoque,belle epoque_1993
1130,,1994,66,MAKEUP,"Greg Cannom, Ve Neill, Yolanda Toussieng",Mrs. Doubtfire,mrs doubtfire,mrs doubtfire_1993
1131,,1994,66,MUSIC (Original Score),John Williams,Schindler's List,schindler's list,schindler's list_1993
1132,,1994,66,MUSIC (Original Song),Music and Lyric by Bruce Springsteen,Philadelphia,philadelphia,philadelphia_1993
1133,,1994,66,SHORT FILM (Animated),Nick Park,The Wrong Trousers,the wrong trousers,the wrong trousers_1993
1134,,1994,66,SHORT FILM (Live Action),Pepe Danquart,Black Rider (Schwarzfahrer),black rider (schwarzfahrer),black rider (schwarzfahrer)_1993
1135,,1994,66,SOUND,"Gary Summers, Gary Rydstrom, Shawn Murphy, Ron Judkins",Jurassic Park,jurassic park,jurassic park_1993
1136,,1994,66,SOUND EFFECTS EDITING,"Gary Rydstrom, Richard Hymns",Jurassic Park,jurassic park,jurassic park_1993
1137,,1994,66,VISUAL EFFECTS,"Dennis Muren, Stan Winston, Phil Tippett, Michael Lantieri",Jurassic Park,jurassic park,jurassic park_1993
1138,,1994,66,WRITING (Screenplay Based on Material Previously Produced or Published),Steven Zaillian,Schindler's List,schindler's list,schindler's list_1993
1139,,1994,66,WRITING (Screenplay Written Directly for the Screen),Jane Campion,The Piano,the piano,the piano_1993
1140,,1995,67,ART DIRECTION,Art Direction:  Ken Adam;  Set Decoration:  Carolyn Scott,The Madness of King George,the madness of king george,the madness of king george_1994
1141,,1995,67,BEST PICTURE,"Wendy Finerman, Steve Tisch and Steve Starkey, Producers",Forrest Gump,forrest gump,forrest gump_1994
1142,,1995,67,CINEMATOGRAPHY,John Toll,Legends of the Fall,legends of the fall,legends of the fall_1994
1143,,1995,67,COSTUME DESIGN,"Lizzy Gardiner, Tim Chappel","The Adventures of Priscilla, Queen of the Desert","the adventures of priscilla, queen of the desert","the adventures of priscilla, queen of the desert_1994"
1144,,1995,67,DOCUMENTARY (Feature),"Freida Lee Mock, Terry Sanders",Maya Lin: A Strong Clear Vision,maya lin: a strong clear vision,maya lin: a strong clear vision_1994
1145,,1995,67,DOCUMENTARY (Short Subject),Charles Guggenheim,A Time for Justice,a time for justice,a time for justice_1994
1146,,1995,67,FILM EDITING,Arthur Schmidt,Forrest Gump,forrest gump,forrest gump_1994
1147,,1995,67,FOREIGN LANGUAGE FILM,Russia,Burnt by the Sun,burnt by the sun,burnt by the sun_1994
1148,,1995,67,MAKEUP,"Rick Baker, Ve Neill, Yolanda Toussieng",Ed Wood,ed wood,ed wood_1994
1149,,1995,67,MUSIC (Original Score),Hans Zimmer,The Lion King,the lion king,the lion king_1994
1150,,1995,67,MUSIC (Original Song),Music by Elton John; Lyric by Tim Rice,The Lion King,the lion king,the lion king_1994
1151,,1995,67,SHORT FILM (Animated),"Alison Snowden, David Fine",Bob's Birthday,bob's birthday,bob's birthday_1994
1152,,1995,67,SHORT FILM (Live Action),"Peter Capaldi, Ruth Kenley-Letts",Franz Kafka's It's a Wonderful Life,franz kafka's it's a wonderful life,franz kafka's it's a wonderful life_1994
1153,,1995,67,SHORT FILM (Live Action),"Peggy Rajski, Randy Stone",Trevor,trevor,trevor_1994
1154,,1995,67,SOUND,"Gregg Landaker, Steve Maslow, Bob Beemer, David R. B. MacMillan",Speed,speed,speed_1994
1155,,1995,67,SOUND EFFECTS EDITING,Stephen Hunter Flick,Speed,speed,speed_1994
1156,,1995,67,VISUAL EFFECTS,"Ken Ralston, George Murphy, Stephen Rosenbaum, Allen Hall",Forrest Gump,forrest gump,forrest gump_1994
1157,,1995,67,WRITING (Screenplay Based on Material Previously Produced or Published),Eric Roth,Forrest Gump,forrest gump,forrest gump_1994
1158,,1995,67,WRITING (Screenplay Written Directly for the Screen),Screenplay by Quentin Tarantino;  Stories by Quentin Tarantino & Roger Avary,Pulp Fiction,pulp fiction,pulp fiction_1994
1159,,1996,68,ART DIRECTION,Eugenio Zanetti,Restoration,restoration,restoration_1995
1160,,1996,68,BEST PICTURE,"Mel Gibson, Alan Ladd, Jr. and Bruce Davey, Producers",Braveheart,braveheart,braveheart_1995
1161,,1996,68,CINEMATOGRAPHY,John Toll,Braveheart,braveheart,braveheart_1995
1162,,1996,68,COSTUME DESIGN,James Acheson,Restoration,restoration,restoration_1995
1163,,1996,68,DOCUMENTARY (Feature),Jon Blair,Anne Frank Remembered,anne frank remembered,anne frank remembered_1995
1164,,1996,68,DOCUMENTARY (Short Subject),Kary Antholis,One Survivor Remembers,one survivor remembers,one survivor remembers_1995
1165,,1996,68,FILM EDITING,"Mike Hill, Dan Hanley",Apollo 13,apollo 13,apollo 13_1995
1166,,1996,68,FOREIGN LANGUAGE FILM,The Netherlands,Antonia's Line,antonia's line,antonia's line_1995
1167,,1996,68,MAKEUP,"Peter Frampton, Paul Pattison, Lois Burwell",Braveheart,braveheart,braveheart_1995
1168,,1996,68,MUSIC (Original Dramatic Score),Luis Enrique Bacalov,The Postman (Il Postino),the postman (il postino),the postman (il postino)_1995
1169,,1996,68,MUSIC (Original Musical or Comedy Score),Music by Alan Menken; Lyrics by Stephen Schwartz; Orchestral Score by Alan Menken,Pocahontas,pocahontas,pocahontas_1995
1170,,1996,68,MUSIC (Original Song),Music by Alan Menken; Lyric by Stephen Schwartz,Pocahontas,pocahontas,pocahontas_1995
1171,,1996,68,SHORT FILM (Animated),Nick Park,A Close Shave,a close shave,a close shave_1995
1172,,1996,68,SHORT FILM (Live Action),"Christine Lahti, Jana Sue Memel",Lieberman in Love,lieberman in love,lieberman in love_1995
1173,,1996,68,SOUND,"Rick Dior, Steve Pederson, Scott Millan, David MacMillan",Apollo 13,apollo 13,apollo 13_1995
1174,,1996,68,SOUND EFFECTS EDITING,"Lon Bender, Per Hallberg",Braveheart,braveheart,braveheart_1995
1175,,1996,68,VISUAL EFFECTS,"Scott E. Anderson, Charles Gibson, Neal Scanlan, John Cox",Babe,babe,babe_1995
1176,,1996,68,WRITING (Screenplay Based on Material Previously Produced or Published),Emma Thompson,Sense and Sensibility,sense and sensibility,sense and sensibility_1995
1177,,1996,68,WRITING (Screenplay Written Directly for the Screen),Christopher McQuarrie,The Usual Suspects,the usual suspects,the usual suspects_1995
1178,,1997,69,ART DIRECTION,Art Direction:  Stuart Craig;  Set Decoration:  Stephenie McMillan,The English Patient,the english patient,the english patient_1996
1179,,1997,69,BEST PICTURE,"Saul Zaentz, Producer",The English Patient,the english patient,the english patient_1996
1180,,1997,69,CINEMATOGRAPHY,John Seale,The English Patient,the english patient,the english patient_1996
1181,,1997,69,COSTUME DESIGN,Ann Roth,The English Patient,the english patient,the english patient_1996
1182,,1997,69,DOCUMENTARY (Feature),"Leon Gast, David Sonenberg",When We Were Kings,when we were kings,when we were kings_1996
1183,,1997,69,DOCUMENTARY (Short Subject),Jessica Yu,Breathing Lessons: The Life and Work of Mark O'Brien,breathing lessons: the life and work of mark o'brien,breathing lessons: the life and work of mark o'brien_1996
1184,,1997,69,FILM EDITING,Walter Murch,The English Patient,the english patient,the english patient_1996
1185,,1997,69,FOREIGN LANGUAGE FILM,Czech Republic,Kolya,kolya,kolya_1996
1186,,1997,69,MAKEUP,"Rick Baker, David LeRoy Anderson",The Nutty Professor,the nutty professor,the nutty professor_1996
1187,,1997,69,MUSIC (Original Dramatic Score),Gabriel Yared,The English Patient,the english patient,the english patient_1996
1188,,1997,69,MUSIC (Original Musical or Comedy Score),Rachel Portman,Emma,emma,emma_1996
1189,,1997,69,MUSIC (Original Song),Music by Andrew Lloyd Webber; Lyric by Tim Rice,Evita,evita,evita_1996
1190,,1997,69,SHORT FILM (Animated),"Tyron Montgomery, Thomas Stellmach",Quest,quest,quest_1996
1191,,1997,69,SHORT FILM (Live Action),"David Frankel, Barry Jossen",Dear Diary,dear diary,dear diary_1996
1192,,1997,69,SOUND,"Walter Murch, Mark Berger, David Parker, Chris Newman",The English Patient,the english patient,the english patient_1996
1193,,1997,69,SOUND EFFECTS EDITING,Bruce Stambler,The Ghost and the Darkness,the ghost and the darkness,the ghost and the darkness_1996
1194,,1997,69,VISUAL EFFECTS,"Volker Engel, Douglas Smith, Clay Pinney, Joseph Viskocil",Independence Day,independence day,independence day_1996
1195,,1997,69,WRITING (Screenplay Based on Material Previously Produced or Published),Billy Bob Thornton,Sling Blade,sling blade,sling blade_1996
1196,,1997,69,WRITING (Screenplay Written Directly for the Screen),"Ethan Coen, Joel Coen",Fargo,fargo,fargo_1996
1197,,1998,70,ART DIRECTION,Art Direction:  Peter Lamont;  Set Decoration:  Michael Ford,Titanic,titanic,titanic_1997
1198,,1998,70,BEST PICTURE,"James Cameron and Jon Landau, Producers",Titanic,titanic,titanic_1997
1199,,1998,70,CINEMATOGRAPHY,Russell Carpenter,Titanic,titanic,titanic_1997
1200,,1998,70,COSTUME DESIGN,Deborah L. Scott,Titanic,titanic,titanic_1997
1201,,1998,70,DOCUMENTARY (Feature),"Rabbi Marvin Hier, Richard Trank",The Long Way Home,the long way home,the long way home_1997
1202,,1998,70,DOCUMENTARY (Short Subject),"Donna Dewey, Carol Pasternak",A Story of Healing,a story of healing,a story of healing_1997
1203,,1998,70,FILM EDITING,"Conrad Buff, James Cameron, Richard A. Harris",Titanic,titanic,titanic_1997
1204,,1998,70,FOREIGN LANGUAGE FILM,The Netherlands,Character,character,character_1997
1205,,1998,70,MAKEUP,"Rick Baker, David LeRoy Anderson",Men in Black,men in black,men in black_1997
1206,,1998,70,MUSIC (Original Dramatic Score),James Horner,Titanic,titanic,titanic_1997
1207,,1998,70,MUSIC (Original Musical or Comedy Score),Anne Dudley,The Full Monty,the full monty,the full monty_1997
1208,,1998,70,MUSIC (Original Song),Music by James Horner; Lyric by Will Jennings,Titanic,titanic,titanic_1997
1209,,1998,70,SHORT FILM (Animated),Jan Pinkava,Geri's Game,geri's game,geri's game_1997
1210,,1998,70,SHORT FILM (Live Action),"Chris Tashima, Chris Donahue",Visas and Virtue,visas and virtue,visas and virtue_1997
1211,,1998,70,SOUND,"Gary Rydstrom, Tom Johnson, Gary Summers, Mark Ulano",Titanic,titanic,titanic_1997
1212,,1998,70,SOUND EFFECTS EDITING,"Tom Bellfort, Christopher Boyes",Titanic,titanic,titanic_1997
1213,,1998,70,VISUAL EFFECTS,"Robert Legato, Mark Lasoff, Thomas L. Fisher, Michael Kanfer",Titanic,titanic,titanic_1997
1214,,1998,70,WRITING (Screenplay Based on Material Previously Produced or Published),"Brian Helgeland, Curtis Hanson",L.A. Confidential,la confidential,la confidential_1997
1215,,1998,70,WRITING (Screenplay Written Directly for the Screen),"Ben Affleck, Matt Damon",Good Will Hunting,good will hunting,good will hunting_1997
1216,,1999,71,ART DIRECTION,Art Direction:  Martin Childs;  Set Decoration:  Jill Quertier,Shakespeare in Love,shakespeare in love,shakespeare in love_1998
1217,,1999,71,BEST PICTURE,"David Parfitt, Donna Gigliotti, Harvey Weinstein, Edward Zwick and Marc Norman, Producers",Shakespeare in Love,shakespeare in love,shakespeare in love_1998
1218,,1999,71,CINEMATOGRAPHY,Janusz Kaminski,Saving Private Ryan,saving private ryan,saving private ryan_1998
1219,,1999,71,COSTUME DESIGN,Sandy Powell,Shakespeare in Love,shakespeare in love,shakespeare in love_1998
1220,,1999,71,DOCUMENTARY (Feature),"James Moll, Ken Lipper",The Last Days,the last days,the last days_1998
1221,,1999,71,DOCUMENTARY (Short Subject),Keiko Ibi,The Personals: Improvisations on Romance in the Golden Years,the personals: improvisations on romance in the golden years,the personals: improvisations on romance in the golden years_1998
1222,,1999,71,FILM EDITING,Michael Kahn,Saving Private Ryan,saving private ryan,saving private ryan_1998
1223,,1999,71,FOREIGN LANGUAGE FILM,Italy,Life Is Beautiful,life is beautiful,life is beautiful_1998
1224,,1999,71,MAKEUP,Jenny Shircore,Elizabeth,elizabeth,elizabeth_1998
1225,,1999,71,MUSIC (Original Dramatic Score),Nicola Piovani,Life Is Beautiful,life is beautiful,life is beautiful_1998
1226,,1999,71,MUSIC (Original Musical or Comedy Score),Stephen Warbeck,Shakespeare in Love,shakespeare in love,shakespeare in love_1998
1227,,1999,71,MUSIC (Original Song),Music and Lyric by Stephen Schwartz,The Prince of Egypt,the prince of egypt,the prince of egypt_1998
1228,,1999,71,SHORT FILM (Animated),Chris Wedge,Bunny,bunny,bunny_1998
1229,,1999,71,SHORT FILM (Live Action),"Kim Magnusson, Anders Thomas Jensen",Election Night (Valgaften),election night (valgaften),election night (valgaften)_1998
1230,,1999,71,SOUND,"Gary Rydstrom, Gary Summers, Andy Nelson, Ronald Judkins",Saving Private Ryan,saving private ryan,saving private ryan_1998
1231,,1999,71,SOUND EFFECTS EDITING,"Gary Rydstrom, Richard Hymns",Saving Private Ryan,saving private ryan,saving private ryan_1998
1232,,1999,71,VISUAL EFFECTS,"Joel Hynek, Nicholas Brooks, Stuart Robertson, Kevin Mack",What Dreams May Come,what dreams may come,what dreams may come_1998
1233,,1999,71,WRITING (Screenplay Based on Material Previously Produced or Published),Bill Condon,Gods and Monsters,gods and monsters,gods and monsters_1998
1234,,1999,71,WRITING (Screenplay Written Directly for the Screen),"Marc Norman, Tom Stoppard",Shakespeare in Love,shakespeare in love,shakespeare in love_1998
1235,,2000,72,ART DIRECTION,Art Direction:  Rick Heinrichs;  Set Decoration:  Peter Young,Sleepy Hollow,sleepy hollow,sleepy hollow_1999
1236,,2000,72,BEST PICTURE,"Bruce Cohen and Dan Jinks, Producers",American Beauty,american beauty,american beauty_1999
1237,,2000,72,CINEMATOGRAPHY,Conrad L. Hall,American Beauty,american beauty,american beauty_1999
1238,,2000,72,COSTUME DESIGN,Lindy Hemming,Topsy-Turvy,topsy turvy,topsy turvy_1999
1239,,2000,72,DOCUMENTARY (Feature),"Arthur Cohn, Kevin Macdonald",One Day in September,one day in september,one day in september_1999
1240,,2000,72,DOCUMENTARY (Short Subject),"Susan Hannah Hadary, William A. Whiteford",King Gimp,king gimp,king gimp_1999
1241,,2000,72,FILM EDITING,Zach Staenberg,The Matrix,the matrix,the matrix_1999
1242,,2000,72,FOREIGN LANGUAGE FILM,Spain,All about My Mother,all about my mother,all about my mother_1999
1243,,2000,72,MAKEUP,"Christine Blundell, Trefor Proud",Topsy-Turvy,topsy turvy,topsy turvy_1999
1244,,2000,72,MUSIC (Original Score),John Corigliano,The Red Violin,the red violin,the red violin_1999
1245,,2000,72,MUSIC (Original Song),Music and Lyric by Phil Collins,Tarzan,tarzan,tarzan_1999
1246,,2000,72,SHORT FILM (Animated),Alexander Petrov,The Old Man and the Sea,the old man and the sea,the old man and the sea_1999
1247,,2000,72,SHORT FILM (Live Action),"Barbara Schock, Tammy Tiehel",My Mother Dreams the Satan's Disciples in New York,my mother dreams the satan's disciples in new york,my mother dreams the satan's disciples in new york_1999
1248,,2000,72,SOUND,"John Reitz, Gregg Rudloff, David Campbell, David Lee",The Matrix,the matrix,the matrix_1999
1249,,2000,72,SOUND EFFECTS EDITING,Dane A. Davis,The Matrix,the matrix,the matrix_1999
1250,,2000,72,VISUAL EFFECTS,"John Gaeta, Janek Sirrs, Steve Courtley, Jon Thum",The Matrix,the matrix,the matrix_1999
1251,,2000,72,WRITING (Screenplay Based on Material Previously Produced or Published),John Irving,The Cider House Rules,the cider house rules,the cider house rules_1999
1252,,2000,72,WRITING (Screenplay Written Directly for the Screen),Alan Ball,American Beauty,american beauty,american beauty_1999
1253,,2001,73,ART DIRECTION,Tim Yip,"Crouching Tiger, Hidden Dragon","crouching tiger, hidden dragon","crouching tiger, hidden dragon_2000"
1254,,2001,73,BEST PICTURE,"Douglas Wick, David Franzoni and Branko Lustig, Producers",Gladiator,gladiator,gladiator_2000
1255,,2001,73,CINEMATOGRAPHY,Peter Pau,"Crouching Tiger, Hidden Dragon","crouching tiger, hidden dragon","crouching tiger, hidden dragon_2000"
1256,,2001,73,COSTUME DESIGN,Janty Yates,Gladiator,gladiator,gladiator_2000
1257,,2001,73,DOCUMENTARY (Feature),"Mark Jonathan Harris, Deborah Oppenheimer",Into the Arms of Strangers: Stories of the Kindertransport,into the arms of strangers: stories of the kindertransport,into the arms of strangers: stories of the kindertransport_2000
1258,,2001,73,DOCUMENTARY (Short Subject),Tracy Seretean,Big Mama,big mama,big mama_2000
1259,,2001,73,FILM EDITING,Stephen Mirrione,Traffic,traffic,traffic_2000
1260,,2001,73,FOREIGN LANGUAGE FILM,Taiwan,"Crouching Tiger, Hidden Dragon","crouching tiger, hidden dragon","crouching tiger, hidden dragon_2000"
1261,,2001,73,MAKEUP,"Rick Baker, Gail Ryan",Dr. Seuss' How the Grinch Stole Christmas,dr seuss' how the grinch stole christmas,dr seuss' how the grinch stole christmas_2000
1262,,2001,73,MUSIC (Original Score),Tan Dun,"Crouching Tiger, Hidden Dragon","crouching tiger, hidden dragon","crouching tiger, hidden dragon_2000"
1263,,2001,73,MUSIC (Original Song),Music and Lyric by Bob Dylan,Wonder Boys,wonder boys,wonder boys_2000
1264,,2001,73,SHORT FILM (Animated),Michael Dudok de Wit,Father and Daughter,father and daughter,father and daughter_2000
1265,,2001,73,SHORT FILM (Live Action),Florian Gallenberger,Quiero Ser (I want to be...),quiero ser (i want to be),quiero ser (i want to be)_2000
1266,,2001,73,SOUND,"Scott Millan, Bob Beemer, Ken Weston",Gladiator,gladiator,gladiator_2000
1267,,2001,73,SOUND EDITING,Jon Johnson,U-571,u 571,u 571_2000
1268,,2001,73,VISUAL EFFECTS,"John Nelson, Neil Corbould, Tim Burke, Rob Harvey",Gladiator,gladiator,gladiator_2000
1269,,2001,73,WRITING (Screenplay Based on Material Previously Produced or Published),Screenplay by Stephen Gaghan,Traffic,traffic,traffic_2000
1270,,2001,73,WRITING (Screenplay Written Directly for the Screen),Written by Cameron Crowe,Almost Famous,almost famous,almost famous_2000
1271,,2002,74,ANIMATED FEATURE FILM,Aron Warner,Shrek,shrek,shrek_2001
1272,,2002,74,ART DIRECTION,Art Direction:  Catherine Martin; Set Decoration:  Brigitte Broch,Moulin Rouge,moulin rouge,moulin rouge_2001
1273,,2002,74,BEST PICTURE,"Brian Grazer and Ron Howard, Producers",A Beautiful Mind,a beautiful mind,a beautiful mind_2001
1274,,2002,74,CINEMATOGRAPHY,Andrew Lesnie,The Lord of the Rings: The Fellowship of the Ring,the lord of the rings: the fellowship of the ring,the lord of the rings: the fellowship of the ring_2001
1275,,2002,74,COSTUME DESIGN,"Catherine Martin, Angus Strathie",Moulin Rouge,moulin rouge,moulin rouge_2001
1276,,2002,74,DOCUMENTARY (Feature),"Jean-Xavier de Lestrade, Denis Poncet",Murder on a Sunday Morning,murder on a sunday morning,murder on a sunday morning_2001
1277,,2002,74,DOCUMENTARY (Short Subject),"Sarah Kernochan, Lynn Appelle",Thoth,thoth,thoth_2001
1278,,2002,74,FILM EDITING,Pietro Scalia,Black Hawk Down,black hawk down,black hawk down_2001
1279,,2002,74,FOREIGN LANGUAGE FILM,Bosnia & Herzegovina,No Man's Land,no man's land,no man's land_2001
1280,,2002,74,MAKEUP,"Peter Owen, Richard Taylor",The Lord of the Rings: The Fellowship of the Ring,the lord of the rings: the fellowship of the ring,the lord of the rings: the fellowship of the ring_2001
1281,,2002,74,MUSIC (Original Score),Howard Shore,The Lord of the Rings: The Fellowship of the Ring,the lord of the rings: the fellowship of the ring,the lord of the rings: the fellowship of the ring_2001
1282,,2002,74,MUSIC (Original Song),Music and Lyric by Randy Newman,"Monsters, Inc.","monsters, inc","monsters, inc_2001"
1283,,2002,74,SHORT FILM (Animated),Ralph Eggleston,For the Birds,for the birds,for the birds_2001
1284,,2002,74,SHORT FILM (Live Action),"Ray McKinnon, Lisa Blount",the accountant,the accountant,the accountant_2001
1285,,2002,74,SOUND,"Michael Minkler, Myron Nettinga, Chris Munro",Black Hawk Down,black hawk down,black hawk down_2001
1286,,2002,74,SOUND EDITING,"George Watters II, Christopher Boyes",Pearl Harbor,pearl harbor,pearl harbor_2001
1287,,2002,74,VISUAL EFFECTS,"Jim Rygiel, Randall William Cook, Richard Taylor, Mark Stetson",The Lord of the Rings: The Fellowship of the Ring,the lord of the rings: the fellowship of the ring,the lord of the rings: the fellowship of the ring_2001
1288,,2002,74,WRITING (Screenplay Based on Material Previously Produced or Published),Written by Akiva Goldsman,A Beautiful Mind,a beautiful mind,a beautiful mind_2001
1289,,2002,74,WRITING (Screenplay Written Directly for the Screen),Written by Julian Fellowes,Gosford Park,gosford park,gosford park_2001
1290,,2003,75,ANIMATED FEATURE FILM,Hayao Miyazaki,Spirited Away,spirited away,spirited away_2002
1291,,2003,75,ART DIRECTION,Art Direction:  John Myhre; Set Decoration:  Gordon Sim,Chicago,chicago,chicago_2002
1292,,2003,75,BEST PICTURE,"Martin Richards, Producer",Chicago,chicago,chicago_2002
1293,,2003,75,CINEMATOGRAPHY,Conrad L. Hall,Road to Perdition,road to perdition,road to perdition_2002
1294,,2003,75,COSTUME DESIGN,Colleen Atwood,Chicago,chicago,chicago_2002
1295,,2003,75,DOCUMENTARY (Feature),"Michael Moore, Michael Donovan",Bowling for Columbine,bowling for columbine,bowling for columbine_2002
1296,,2003,75,DOCUMENTARY (Short Subject),"Bill Guttentag, Robert David Port",Twin Towers,twin towers,twin towers_2002
1297,,2003,75,FILM EDITING,Martin Walsh,Chicago,chicago,chicago_2002
1298,,2003,75,FOREIGN LANGUAGE FILM,Germany,Nowhere in Africa,nowhere in africa,nowhere in africa_2002
1299,,2003,75,MAKEUP,"John Jackson, Beatrice De Alba",Frida,frida,frida_2002
1300,,2003,75,MUSIC (Original Score),Elliot Goldenthal,Frida,frida,frida_2002
1301,,2003,75,MUSIC (Original Song),"Music by Eminem, Jeff Bass and Luis Resto; Lyric by Eminem",8 Mile,8 mile,8 mile_2002
1302,,2003,75,SHORT FILM (Animated),Eric Armstrong,The ChubbChubbs!,the chubbchubbs!,the chubbchubbs!_2002
1303,,2003,75,SHORT FILM (Live Action),"Martin Strange-Hansen, Mie Andreasen",This Charming Man (Der Er En Yndig Mand),this charming man (der er en yndig mand),this charming man (der er en yndig mand)_2002
1304,,2003,75,SOUND,"Michael Minkler, Dominick Tavella, David Lee",Chicago,chicago,chicago_2002
1305,,2003,75,SOUND EDITING,"Ethan Van der Ryn, Michael Hopkins",The Lord of the Rings: The Two Towers,the lord of the rings: the two towers,the lord of the rings: the two towers_2002
1306,,2003,75,VISUAL EFFECTS,"Jim Rygiel, Joe Letteri, Randall William Cook, Alex Funke",The Lord of the Rings: The Two Towers,the lord of the rings: the two towers,the lord of the rings: the two towers_2002
1307,,2003,75,WRITING (Adapted Screenplay),Screenplay by Ronald Harwood,The Pianist,the pianist,the pianist_2002
1308,,2003,75,WRITING (Original Screenplay),Written by Pedro Almodóvar,Talk to Her,talk to her,talk to her_2002
1309,,2004,76,ANIMATED FEATURE FILM,Andrew Stanton,Finding Nemo,finding nemo,finding nemo_2003
1310,,2004,76,ART DIRECTION,Art Direction: Grant Major; Set Decoration: Dan Hennah and Alan Lee,The Lord of the Rings: The Return of the King,the lord of the rings: the return of the king,the lord of the rings: the return of the king_2003
1311,,2004,76,BEST PICTURE,"Barrie M. Osborne, Peter Jackson and Fran Walsh, Producers",The Lord of the Rings: The Return of the King,the lord of the rings: the return of the king,the lord of the rings: the return of the king_2003
1312,,2004,76,CINEMATOGRAPHY,Russell Boyd,Master and Commander: The Far Side of the World,master and commander: the far side of the world,master and commander: the far side of the world_2003
1313,,2004,76,COSTUME DESIGN,Ngila Dickson and Richard Taylor,The Lord of the Rings: The Return of the King,the lord of the rings: the return of the king,the lord of the rings: the return of the king_2003
1314,,2004,76,DOCUMENTARY (Feature),Errol Morris and Michael Williams,The Fog of War,the fog of war,the fog of war_2003
1315,,2004,76,DOCUMENTARY (Short Subject),Maryann DeLeo,Chernobyl Heart,chernobyl heart,chernobyl heart_2003
1316,,2004,76,FILM EDITING,Jamie Selkirk,The Lord of the Rings: The Return of the King,the lord of the rings: the return of the king,the lord of the rings: the return of the king_2003
1317,,2004,76,FOREIGN LANGUAGE FILM,Canada,The Barbarian Invasions,the barbarian invasions,the barbarian invasions_2003
1318,,2004,76,MAKEUP,Richard Taylor and Peter King,The Lord of the Rings: The Return of the King,the lord of the rings: the return of the king,the lord of the rings: the return of the king_2003
1319,,2004,76,MUSIC (Original Score),Howard Shore,The Lord of the Rings: The Return of the King,the lord of the rings: the return of the king,the lord of the rings: the return of the king_2003
1320,,2004,76,MUSIC (Original Song),Music and Lyric by Fran Walsh and Howard Shore and Annie Lennox,The Lord of the Rings: The Return of the King,the lord of the rings: the return of the king,the lord of the rings: the return of the king_2003
1321,,2004,76,SHORT FILM (Animated),Adam Elliot,Harvie Krumpet,harvie krumpet,harvie krumpet_2003
1322,,2004,76,SHORT FILM (Live Action),Aaron Schneider and Andrew J. Sacks,Two Soldiers,two soldiers,two soldiers_2003
1323,,2004,76,SOUND EDITING,Richard King,Master and Commander: The Far Side of the World,master and commander: the far side of the world,master and commander: the far side of the world_2003
1324,,2004,76,SOUND MIXING,"Christopher Boyes, Michael Semanick, Michael Hedges and Hammond Peek",The Lord of the Rings: The Return of the King,the lord of the rings: the return of the king,the lord of the rings: the return of the king_2003
1325,,2004,76,VISUAL EFFECTS,"Jim Rygiel, Joe Letteri, Randall William Cook and Alex Funke",The Lord of the Rings: The Return of the King,the lord of the rings: the return of the king,the lord of the rings: the return of the king_2003
1326,,2004,76,WRITING (Adapted Screenplay),"Screenplay by Fran Walsh, Philippa Boyens & Peter Jackson",The Lord of the Rings: The Return of the King,the lord of the rings: the return of the king,the lord of the rings: the return of the king_2003
1327,,2004,76,WRITING (Original Screenplay),Written by Sofia Coppola,Lost in Translation,lost in translation,lost in translation_2003
1328,,2005,77,ANIMATED FEATURE FILM,Brad Bird,The Incredibles,the incredibles,the incredibles_2004
1329,,2005,77,ART DIRECTION,Art Direction: Dante Ferretti; Set Decoration: Francesca Lo Schiavo,The Aviator,the aviator,the aviator_2004
1330,,2005,77,BEST PICTURE,"Clint Eastwood, Albert S. Ruddy and Tom Rosenberg, Producers",Million Dollar Baby,million dollar baby,million dollar baby_2004
1331,,2005,77,CINEMATOGRAPHY,Robert Richardson,The Aviator,the aviator,the aviator_2004
1332,,2005,77,COSTUME DESIGN,Sandy Powell,The Aviator,the aviator,the aviator_2004
1333,,2005,77,DOCUMENTARY (Feature),Ross Kauffman and Zana Briski,Born into Brothels,born into brothels,born into brothels_2004
1334,,2005,77,DOCUMENTARY (Short Subject),Robert Hudson and Bobby Houston,Mighty Times: The Children's March,mighty times: the children's march,mighty times: the children's march_2004
1335,,2005,77,FILM EDITING,Thelma Schoonmaker,The Aviator,the aviator,the aviator_2004
1336,,2005,77,FOREIGN LANGUAGE FILM,Spain,The Sea Inside,the sea inside,the sea inside_2004
1337,,2005,77,MAKEUP,Valli O'Reilly and Bill Corso,Lemony Snicket's A Series of Unfortunate Events,lemony snicket's a series of unfortunate events,lemony snicket's a series of unfortunate events_2004
1338,,2005,77,MUSIC (Original Score),Jan A.P. Kaczmarek,Finding Neverland,finding neverland,finding neverland_2004
1339,,2005,77,MUSIC (Original Song),Music and Lyric by Jorge Drexler,The Motorcycle Diaries,the motorcycle diaries,the motorcycle diaries_2004
1340,,2005,77,SHORT FILM (Animated),Chris Landreth,Ryan,ryan,ryan_2004
1341,,2005,77,SHORT FILM (Live Action),Andrea Arnold,Wasp,wasp,wasp_2004
1342,,2005,77,SOUND EDITING,Michael Silvers and Randy Thom,The Incredibles,the incredibles,the incredibles_2004
1343,,2005,77,SOUND MIXING,"Scott Millan, Greg Orloff, Bob Beemer and Steve Cantamessa",Ray,ray,ray_2004
1344,,2005,77,VISUAL EFFECTS,"John Dykstra, Scott Stokdyk, Anthony LaMolinara and John Frazier",Spider-Man 2,spider man 2,spider man 2_2004
1345,,2005,77,WRITING (Adapted Screenplay),Screenplay by Alexander Payne & Jim Taylor,Sideways,sideways,sideways_2004
1346,,2005,77,WRITING (Original Screenplay),Screenplay by Charlie Kaufman; Story by Charlie Kaufman & Michel Gondry & Pierre Bismuth,Eternal Sunshine of the Spotless Mind,eternal sunshine of the spotless mind,eternal sunshine of the spotless mind_2004
1347,,2006,78,ANIMATED FEATURE FILM,Nick Park and Steve Box,Wallace & Gromit in The Curse of the Were-Rabbit,wallace & gromit in the curse of the were rabbit,wallace & gromit in the curse of the were rabbit_2005
1348,,2006,78,ART DIRECTION,Art Direction:  John Myhre; Set Decoration:  Gretchen Rau,Memoirs of a Geisha,memoirs of a geisha,memoirs of a geisha_2005
1349,,2006,78,BEST PICTURE,"Paul Haggis and Cathy Schulman, Producers",Crash,crash,crash_2005
1350,,2006,78,CINEMATOGRAPHY,Dion Beebe,Memoirs of a Geisha,memoirs of a geisha,memoirs of a geisha_2005
1351,,2006,78,COSTUME DESIGN,Colleen Atwood,Memoirs of a Geisha,memoirs of a geisha,memoirs of a geisha_2005
1352,,2006,78,DOCUMENTARY (Feature),Luc Jacquet and Yves Darondeau,March of the Penguins,march of the penguins,march of the penguins_2005
1353,,2006,78,DOCUMENTARY (Short Subject),Corinne Marrinan and Eric Simonson,A Note of Triumph: The Golden Age of Norman Corwin,a note of triumph: the golden age of norman corwin,a note of triumph: the golden age of norman corwin_2005
1354,,2006,78,FILM EDITING,Hughes Winborne,Crash,crash,crash_2005
1355,,2006,78,FOREIGN LANGUAGE FILM,South Africa,Tsotsi,tsotsi,tsotsi_2005
1356,,2006,78,MAKEUP,Howard Berger and Tami Lane,"The Chronicles of Narnia: The Lion, the Witch and the Wardrobe","the chronicles of narnia: the lion, the witch and the wardrobe","the chronicles of narnia: the lion, the witch and the wardrobe_2005"
1357,,2006,78,MUSIC (Original Score),Gustavo Santaolalla,Brokeback Mountain,brokeback mountain,brokeback mountain_2005
1358,,2006,78,MUSIC (Original Song),"Music and Lyric by Jordan Houston, Cedric Coleman and Paul Beauregard",Hustle & Flow,hustle & flow,hustle & flow_2005
1359,,2006,78,SHORT FILM (Animated),John Canemaker and Peggy Stern,The Moon and the Son: An Imagined Conversation,the moon and the son: an imagined conversation,the moon and the son: an imagined conversation_2005
1360,,2006,78,SHORT FILM (Live Action),Martin McDonagh,Six Shooter,six shooter,six shooter_2005
1361,,2006,78,SOUND EDITING,Mike Hopkins and Ethan Van der Ryn,King Kong,king kong,king kong_2005
1362,,2006,78,SOUND MIXING,"Christopher Boyes, Michael Semanick, Michael Hedges and Hammond Peek",King Kong,king kong,king kong_2005
1363,,2006,78,VISUAL EFFECTS,"Joe Letteri, Brian Van't Hul, Christian Rivers and Richard Taylor",King Kong,king kong,king kong_2005
1364,,2006,78,WRITING (Adapted Screenplay),Screenplay by Larry McMurtry & Diana Ossana,Brokeback Mountain,brokeback mountain,brokeback mountain_2005
1365,,2006,78,WRITING (Original Screenplay),Screenplay by Paul Haggis & Bobby Moresco; Story by Paul Haggis,Crash,crash,crash_2005
1366,,2007,79,ANIMATED FEATURE FILM,George Miller,Happy Feet,happy feet,happy feet_2006
1367,,2007,79,ART DIRECTION,Art Direction:  Eugenio Caballero; Set Decoration:  Pilar Revuelta,Pan's Labyrinth,pan's labyrinth,pan's labyrinth_2006
1368,,2007,79,BEST PICTURE,"Graham King, Producer",The Departed,the departed,the departed_2006
1369,,2007,79,CINEMATOGRAPHY,Guillermo Navarro,Pan's Labyrinth,pan's labyrinth,pan's labyrinth_2006
1370,,2007,79,COSTUME DESIGN,Milena Canonero,Marie Antoinette,marie antoinette,marie antoinette_2006
1371,,2007,79,DOCUMENTARY (Feature),Davis Guggenheim,An Inconvenient Truth,an inconvenient truth,an inconvenient truth_2006
1372,,2007,79,DOCUMENTARY (Short Subject),Ruby Yang and Thomas Lennon,The Blood of Yingzhou District,the blood of yingzhou district,the blood of yingzhou district_2006
1373,,2007,79,FILM EDITING,Thelma Schoonmaker,The Departed,the departed,the departed_2006
1374,,2007,79,FOREIGN LANGUAGE FILM,Germany,The Lives of Others,the lives of others,the lives of others_2006
1375,,2007,79,MAKEUP,David Martí and Montse Ribé,Pan's Labyrinth,pan's labyrinth,pan's labyrinth_2006
1376,,2007,79,MUSIC (Original Score),Gustavo Santaolalla,Babel,babel,babel_2006
1377,,2007,79,MUSIC (Original Song),Music and Lyric by Melissa Etheridge,An Inconvenient Truth,an inconvenient truth,an inconvenient truth_2006
1378,,2007,79,SHORT FILM (Animated),Torill Kove,The Danish Poet,the danish poet,the danish poet_2006
1379,,2007,79,SHORT FILM (Live Action),Ari Sandel,West Bank Story,west bank story,west bank story_2006
1380,,2007,79,SOUND EDITING,Alan Robert Murray and Bub Asman,Letters from Iwo Jima,letters from iwo jima,letters from iwo jima_2006
1381,,2007,79,SOUND MIXING,"Michael Minkler, Bob Beemer and Willie Burton",Dreamgirls,dreamgirls,dreamgirls_2006
1382,,2007,79,VISUAL EFFECTS,"John Knoll, Hal Hickel, Charles Gibson and Allen Hall",Pirates of the Caribbean: Dead Man's Chest,pirates of the caribbean: dead man's chest,pirates of the caribbean: dead man's chest_2006
1383,,2007,79,WRITING (Adapted Screenplay),Screenplay by William Monahan,The Departed,the departed,the departed_2006
1384,,2007,79,WRITING (Original Screenplay),Written by Michael Arndt,Little Miss Sunshine,little miss sunshine,little miss sunshine_2006
1385,,2008,80,ANIMATED FEATURE FILM,Brad Bird,Ratatouille,ratatouille,ratatouille_2007
1386,,2008,80,ART DIRECTION,Art Direction: Dante Ferretti; Set Decoration: Francesca Lo Schiavo,Sweeney Todd The Demon Barber of Fleet Street,sweeney todd the demon barber of fleet street,sweeney todd the demon barber of fleet street_2007
1387,,2008,80,BEST PICTURE,"Scott Rudin, Ethan Coen and Joel Coen, Producers",No Country for Old Men,no country for old men,no country for old men_2007
1388,,2008,80,CINEMATOGRAPHY,Robert Elswit,There Will Be Blood,there will be blood,there will be blood_2007
1389,,2008,80,COSTUME DESIGN,Alexandra Byrne,Elizabeth: The Golden Age,elizabeth: the golden age,elizabeth: the golden age_2007
1390,,2008,80,DOCUMENTARY (Feature),Alex Gibney and Eva Orner,Taxi to the Dark Side,taxi to the dark side,taxi to the dark side_2007
1391,,2008,80,DOCUMENTARY (Short Subject),Cynthia Wade and Vanessa Roth,Freeheld,freeheld,freeheld_2007
1392,,2008,80,FILM EDITING,Christopher Rouse,The Bourne Ultimatum,the bourne ultimatum,the bourne ultimatum_2007
1393,,2008,80,FOREIGN LANGUAGE FILM,Austria,The Counterfeiters,the counterfeiters,the counterfeiters_2007
1394,,2008,80,MAKEUP,Didier Lavergne and Jan Archibald,La Vie en Rose,la vie en rose,la vie en rose_2007
1395,,2008,80,MUSIC (Original Score),Dario Marianelli,Atonement,atonement,atonement_2007
1396,,2008,80,MUSIC (Original Song),Music and Lyric by Glen Hansard and Marketa Irglova,Once,once,once_2007
1397,,2008,80,SHORT FILM (Animated),Suzie Templeton and Hugh Welchman,Peter & the Wolf,peter & the wolf,peter & the wolf_2007
1398,,2008,80,SHORT FILM (Live Action),Philippe Pollet-Villard,Le Mozart des Pickpockets (The Mozart of Pickpockets),le mozart des pickpockets (the mozart of pickpockets),le mozart des pickpockets (the mozart of pickpockets)_2007
1399,,2008,80,SOUND EDITING,Karen Baker Landers and Per Hallberg,The Bourne Ultimatum,the bourne ultimatum,the bourne ultimatum_2007
1400,,2008,80,SOUND MIXING,"Scott Millan, David Parker and Kirk Francis",The Bourne Ultimatum,the bourne ultimatum,the bourne ultimatum_2007
1401,,2008,80,VISUAL EFFECTS,"Michael Fink, Bill Westenhofer, Ben Morris and Trevor Wood",The Golden Compass,the golden compass,the golden compass_2007
1402,,2008,80,WRITING (Adapted Screenplay),Written for the screen by Joel Coen & Ethan Coen,No Country for Old Men,no country for old men,no country for old men_2007
1403,,2008,80,WRITING (Original Screenplay),Written by Diablo Cody,Juno,juno,juno_2007
1404,,2009,81,ANIMATED FEATURE FILM,Andrew Stanton,WALL-E,wall e,wall e_2008
1405,,2009,81,ART DIRECTION,Art Direction: Donald Graham Burt; Set Decoration: Victor J. Zolfo,The Curious Case of Benjamin Button,the curious case of benjamin button,the curious case of benjamin button_2008
1406,,2009,81,BEST PICTURE,"Christian Colson, Producer",Slumdog Millionaire,slumdog millionaire,slumdog millionaire_2008
1407,,2009,81,CINEMATOGRAPHY,Anthony Dod Mantle,Slumdog Millionaire,slumdog millionaire,slumdog millionaire_2008
1408,,2009,81,COSTUME DESIGN,Michael O'Connor,The Duchess,the duchess,the duchess_2008
1409,,2009,81,DOCUMENTARY (Feature),James Marsh and Simon Chinn,Man on Wire,man on wire,man on wire_2008
1410,,2009,81,DOCUMENTARY (Short Subject),Megan Mylan,Smile Pinki,smile pinki,smile pinki_2008
1411,,2009,81,FILM EDITING,Chris Dickens,Slumdog Millionaire,slumdog millionaire,slumdog millionaire_2008
1412,,2009,81,FOREIGN LANGUAGE FILM,Japan,Departures,departures,departures_2008
1413,,2009,81,MAKEUP,Greg Cannom,The Curious Case of Benjamin Button,the curious case of benjamin button,the curious case of benjamin button_2008
1414,,2009,81,MUSIC (Original Score),A.R. Rahman,Slumdog Millionaire,slumdog millionaire,slumdog millionaire_2008
1415,,2009,81,MUSIC (Original Song),Music by A.R. Rahman; Lyric by Gulzar,Slumdog Millionaire,slumdog millionaire,slumdog millionaire_2008
1416,,2009,81,SHORT FILM (Animated),Kunio Kato,La Maison en Petits Cubes,la maison en petits cubes,la maison en petits cubes_2008
1417,,2009,81,SHORT FILM (Live Action),Jochen Alexander Freydank,Spielzeugland (Toyland),spielzeugland (toyland),spielzeugland (toyland)_2008
1418,,2009,81,SOUND EDITING,Richard King,The Dark Knight,the dark knight,the dark knight_2008
1419,,2009,81,SOUND MIXING,"Ian Tapp, Richard Pryke and Resul Pookutty",Slumdog Millionaire,slumdog millionaire,slumdog millionaire_2008
1420,,2009,81,VISUAL EFFECTS,"Eric Barba, Steve Preeg, Burt Dalton and Craig Barron",The Curious Case of Benjamin Button,the curious case of benjamin button,the curious case of benjamin button_2008
1421,,2009,81,WRITING (Adapted Screenplay),Screenplay by Simon Beaufoy,Slumdog Millionaire,slumdog millionaire,slumdog millionaire_2008
1422,,2009,81,WRITING (Original Screenplay),Written by Dustin Lance Black,Milk,milk,milk_2008
1423,,2010,82,ANIMATED FEATURE FILM,Pete Docter,Up,up,up_2009
1424,,2010,82,ART DIRECTION,Production Design: Rick Carter and Robert Stromberg; Set Decoration: Kim Sinclair,Avatar,avatar,avatar_2009
1425,,2010,82,BEST PICTURE,"Kathryn Bigelow, Mark Boal, Nicolas Chartier and Greg Shapiro, Producers",The Hurt Locker,the hurt locker,the hurt locker_2009
1426,,2010,82,CINEMATOGRAPHY,Mauro Fiore,Avatar,avatar,avatar_2009
1427,,2010,82,COSTUME DESIGN,Sandy Powell,The Young Victoria,the young victoria,the young victoria_2009
1428,,2010,82,DOCUMENTARY (Feature),Louie Psihoyos and Fisher Stevens,The Cove,the cove,the cove_2009
1429,,2010,82,DOCUMENTARY (Short Subject),Roger Ross Williams and Elinor Burkett,Music by Prudence,music by prudence,music by prudence_2009
1430,,2010,82,FILM EDITING,Bob Murawski and Chris Innis,The Hurt Locker,the hurt locker,the hurt locker_2009
1431,,2010,82,FOREIGN LANGUAGE FILM,Argentina,The Secret in Their Eyes,the secret in their eyes,the secret in their eyes_2009
1432,,2010,82,MAKEUP,"Barney Burman, Mindy Hall and Joel Harlow",Star Trek,star trek,star trek_2009
1433,,2010,82,MUSIC (Original Score),Michael Giacchino,Up,up,up_2009
1434,,2010,82,MUSIC (Original Song),Music and Lyric by Ryan Bingham and T Bone Burnett,Crazy Heart,crazy heart,crazy heart_2009
1435,,2010,82,SHORT FILM (Animated),Nicolas Schmerkin,Logorama,logorama,logorama_2009
1436,,2010,82,SHORT FILM (Live Action),Joachim Back and Tivi Magnusson,The New Tenants,the new tenants,the new tenants_2009
1437,,2010,82,SOUND EDITING,Paul N.J. Ottosson,The Hurt Locker,the hurt locker,the hurt locker_2009
1438,,2010,82,SOUND MIXING,Paul N.J. Ottosson and Ray Beckett,The Hurt Locker,the hurt locker,the hurt locker_2009
1439,,2010,82,VISUAL EFFECTS,"Joe Letteri, Stephen Rosenbaum, Richard Baneham and Andrew R. Jones",Avatar,avatar,avatar_2009
1440,,2010,82,WRITING (Adapted Screenplay),Screenplay by Geoffrey Fletcher,Precious: Based on the Novel 'Push' by Sapphire,precious: based on the novel 'push' by sapphire,precious: based on the novel 'push' by sapphire_2009
1441,,2010,82,WRITING (Original Screenplay),Written by Mark Boal,The Hurt Locker,the hurt locker,the hurt locker_2009
1442,,2011,83,ANIMATED FEATURE FILM,Lee Unkrich,Toy Story 3,toy story 3,toy story 3_2010
1443,,2011,83,ART DIRECTION,Production Design: Robert Stromberg; Set Decoration: Karen O'Hara,Alice in Wonderland,alice in wonderland,alice in wonderland_2010
1444,,2011,83,BEST PICTURE,"Iain Canning, Emile Sherman and Gareth Unwin, Producers",The King's Speech,the king's speech,the king's speech_2010
1445,,2011,83,CINEMATOGRAPHY,Wally Pfister,Inception,inception,inception_2010
1446,,2011,83,COSTUME DESIGN,Colleen Atwood,Alice in Wonderland,alice in wonderland,alice in wonderland_2010
1447,,2011,83,DOCUMENTARY (Feature),Charles Ferguson and Audrey Marrs,Inside Job,inside job,inside job_2010
1448,,2011,83,DOCUMENTARY (Short Subject),Karen Goodman and Kirk Simon,Strangers No More,strangers no more,strangers no more_2010
1449,,2011,83,FILM EDITING,Angus Wall and Kirk Baxter,The Social Network,the social network,the social network_2010
1450,,2011,83,FOREIGN LANGUAGE FILM,Denmark,In a Better World,in a better world,in a better world_2010
1451,,2011,83,MAKEUP,Rick Baker and Dave Elsey,The Wolfman,the wolfman,the wolfman_2010
1452,,2011,83,MUSIC (Original Score),Trent Reznor and Atticus Ross,The Social Network,the social network,the social network_2010
1453,,2011,83,MUSIC (Original Song),Music and Lyric by Randy Newman,Toy Story 3,toy story 3,toy story 3_2010
1454,,2011,83,SHORT FILM (Animated),Shaun Tan and Andrew Ruhemann,The Lost Thing,the lost thing,the lost thing_2010
1455,,2011,83,SHORT FILM (Live Action),Luke Matheny,God of Love,god of love,god of love_2010
1456,,2011,83,SOUND EDITING,Richard King,Inception,inception,inception_2010
1457,,2011,83,SOUND MIXING,"Lora Hirschberg, Gary A. Rizzo and Ed Novick",Inception,inception,inception_2010
1458,,2011,83,VISUAL EFFECTS,"Paul Franklin, Chris Corbould, Andrew Lockley and Peter Bebb",Inception,inception,inception_2010
1459,,2011,83,WRITING (Adapted Screenplay),Screenplay by Aaron Sorkin,The Social Network,the social network,the social network_2010
1460,,2011,83,WRITING (Original Screenplay),Screenplay by David Seidler,The King's Speech,the king's speech,the king's speech_2010
1461,,2012,84,ANIMATED FEATURE FILM,Gore Verbinski,Rango,rango,rango_2011
1462,,2012,84,ART DIRECTION,Production Design: Dante Ferretti; Set Decoration: Francesca Lo Schiavo,Hugo,hugo,hugo_2011
1463,,2012,84,BEST PICTURE,"Thomas Langmann, Producer",The Artist,the artist,the artist_2011
1464,,2012,84,CINEMATOGRAPHY,Robert Richardson,Hugo,hugo,hugo_2011
1465,,2012,84,COSTUME DESIGN,Mark Bridges,The Artist,the artist,the artist_2011
1466,,2012,84,DOCUMENTARY (Feature),"TJ Martin, Dan Lindsay and Rich Middlemas",Undefeated,undefeated,undefeated_2011
1467,,2012,84,DOCUMENTARY (Short Subject),Daniel Junge and Sharmeen Obaid-Chinoy,Saving Face,saving face,saving face_2011
1468,,2012,84,FILM EDITING,Kirk Baxter and Angus Wall,The Girl with the Dragon Tattoo,the girl with the dragon tattoo,the girl with the dragon tattoo_2011
1469,,2012,84,FOREIGN LANGUAGE FILM,Iran,A Separation,a separation,a separation_2011
1470,,2012,84,MAKEUP,Mark Coulier and J. Roy Helland,The Iron Lady,the iron lady,the iron lady_2011
1471,,2012,84,MUSIC (Original Score),Ludovic Bource,The Artist,the artist,the artist_2011
1472,,2012,84,MUSIC (Original Song),Music and Lyric by Bret McKenzie,The Muppets,the muppets,the muppets_2011
1473,,2012,84,SHORT FILM (Animated),William Joyce and Brandon Oldenburg,The Fantastic Flying Books of Mr. Morris Lessmore,the fantastic flying books of mr morris lessmore,the fantastic flying books of mr morris lessmore_2011
1474,,2012,84,SHORT FILM (Live Action),Terry George and Oorlagh George,The Shore,the shore,the shore_2011
1475,,2012,84,SOUND EDITING,Philip Stockton and Eugene Gearty,Hugo,hugo,hugo_2011
1476,,2012,84,SOUND MIXING,Tom Fleischman and John Midgley,Hugo,hugo,hugo_2011
1477,,2012,84,VISUAL EFFECTS,"Rob Legato, Joss Williams, Ben Grossmann and Alex Henning",Hugo,hugo,hugo_2011
1478,,2012,84,WRITING (Adapted Screenplay),Screenplay by Alexander Payne and Nat Faxon & Jim Rash,The Descendants,the descendants,the descendants_2011
1479,,2012,84,WRITING (Original Screenplay),Written by Woody Allen,Midnight in Paris,midnight in paris,midnight in paris_2011
1480,,2013,85,ANIMATED FEATURE FILM,Mark Andrews and Brenda Chapman,Brave,brave,brave_2012
1481,,2013,85,BEST PICTURE,"Grant Heslov, Ben Affleck and George Clooney, Producers",Argo,argo,argo_2012
1482,,2013,85,CINEMATOGRAPHY,Claudio Miranda,Life of Pi,life of pi,life of pi_2012
1483,,2013,85,COSTUME DESIGN,Jacqueline Durran,Anna Karenina,anna karenina,anna karenina_2012
1484,,2013,85,DOCUMENTARY (Feature),Malik Bendjelloul and Simon Chinn,Searching for Sugar Man,searching for sugar man,searching for sugar man_2012
1485,,2013,85,DOCUMENTARY (Short Subject),Sean Fine and Andrea Nix Fine,Inocente,inocente,inocente_2012
1486,,2013,85,FILM EDITING,William Goldenberg,Argo,argo,argo_2012
1487,,2013,85,FOREIGN LANGUAGE FILM,Austria,Amour,amour,amour_2012
1488,,2013,85,MAKEUP AND HAIRSTYLING,Lisa Westcott and Julie Dartnell,Les Misérables,les misérables,les misérables_2012
1489,,2013,85,MUSIC (Original Score),Mychael Danna,Life of Pi,life of pi,life of pi_2012
1490,,2013,85,MUSIC (Original Song),Music and Lyric by Adele Adkins and Paul Epworth,Skyfall,skyfall,skyfall_2012
1491,,2013,85,PRODUCTION DESIGN,Production Design: Rick Carter; Set Decoration: Jim Erickson,Lincoln,lincoln,lincoln_2012
1492,,2013,85,SHORT FILM (Animated),John Kahrs,Paperman,paperman,paperman_2012
1493,,2013,85,SHORT FILM (Live Action),Shawn Christensen,Curfew,curfew,curfew_2012
1494,,2013,85,SOUND EDITING,Per Hallberg and Karen Baker Landers,Skyfall,skyfall,skyfall_2012
1495,,2013,85,SOUND EDITING,Paul N.J. Ottosson,Zero Dark Thirty,zero dark thirty,zero dark thirty_2012
1496,,2013,85,SOUND MIXING,"Andy Nelson, Mark Paterson and Simon Hayes",Les Misérables,les misérables,les misérables_2012
1497,,2013,85,VISUAL EFFECTS,"Bill Westenhofer, Guillaume Rocheron, Erik-Jan De Boer and Donald R. Elliott",Life of Pi,life of pi,life of pi_2012
1498,,2013,85,WRITING (Adapted Screenplay),Screenplay by Chris Terrio,Argo,argo,argo_2012
1499,,2013,85,WRITING (Original Screenplay),Written by Quentin Tarantino,Django Unchained,django unchained,django unchained_2012
1500,,2014,86,ANIMATED FEATURE FILM,"Chris Buck, Jennifer Lee and Peter Del Vecho",Frozen,frozen,frozen_2013
1501,,2014,86,BEST PICTURE,"Brad Pitt, Dede Gardner, Jeremy Kleiner, Steve McQueen and Anthony Katagas, Producers",12 Years a Slave,12 years a slave,12 years a slave_2013
1502,,2014,86,CINEMATOGRAPHY,Emmanuel Lubezki,Gravity,gravity,gravity_2013
1503,,2014,86,COSTUME DESIGN,Catherine Martin,The Great Gatsby,the great gatsby,the great gatsby_2013
1504,,2014,86,DOCUMENTARY (Feature),"Morgan Neville, Gil Friesen and Caitrin Rogers",20 Feet from Stardom,20 feet from stardom,20 feet from stardom_2013
1505,,2014,86,DOCUMENTARY (Short Subject),Malcolm Clarke and Nicholas Reed,The Lady in Number 6: Music Saved My Life,the lady in number 6: music saved my life,the lady in number 6: music saved my life_2013
1506,,2014,86,FILM EDITING,Alfonso Cuarón and Mark Sanger,Gravity,gravity,gravity_2013
1507,,2014,86,FOREIGN LANGUAGE FILM,Italy,The Great Beauty,the great beauty,the great beauty_2013
1508,,2014,86,MAKEUP AND HAIRSTYLING,Adruitha Lee and Robin Mathews,Dallas Buyers Club,dallas buyers club,dallas buyers club_2013
1509,,2014,86,MUSIC (Original Score),Steven Price,Gravity,gravity,gravity_2013
1510,,2014,86,MUSIC (Original Song),Music and Lyric by Kristen Anderson-Lopez and Robert Lopez,Frozen,frozen,frozen_2013
1511,,2014,86,PRODUCTION DESIGN,Production Design: Catherine Martin; Set Decoration: Beverley Dunn,The Great Gatsby,the great gatsby,the great gatsby_2013
1512,,2014,86,SHORT FILM (Animated),Laurent Witz and Alexandre Espigares,Mr. Hublot,mr hublot,mr hublot_2013
1513,,2014,86,SHORT FILM (Live Action),Anders Walter and Kim Magnusson,Helium,helium,helium_2013
1514,,2014,86,SOUND EDITING,Glenn Freemantle,Gravity,gravity,gravity_2013
1515,,2014,86,SOUND MIXING,"Skip Lievsay, Niv Adiri, Christopher Benstead and Chris Munro",Gravity,gravity,gravity_2013
1516,,2014,86,VISUAL EFFECTS,"Tim Webber, Chris Lawrence, David Shirk and Neil Corbould",Gravity,gravity,gravity_2013
1517,,2014,86,WRITING (Adapted Screenplay),Screenplay by John Ridley,12 Years a Slave,12 years a slave,12 years a slave_2013
1518,,2014,86,WRITING (Original Screenplay),Written by Spike Jonze,Her,her,her_2013
1519,,2015,87,ANIMATED FEATURE FILM,"Don Hall, Chris Williams and Roy Conli",Big Hero 6,big hero 6,big hero 6_2014
1520,,2015,87,BEST PICTURE,"Alejandro G. Iñárritu, John Lesher and James W. Skotchdopole, Producers",Birdman or (The Unexpected Virtue of Ignorance),birdman or (the unexpected virtue of ignorance),birdman or (the unexpected virtue of ignorance)_2014
1521,,2015,87,CINEMATOGRAPHY,Emmanuel Lubezki,Birdman or (The Unexpected Virtue of Ignorance),birdman or (the unexpected virtue of ignorance),birdman or (the unexpected virtue of ignorance)_2014
1522,,2015,87,COSTUME DESIGN,Milena Canonero,The Grand Budapest Hotel,the grand budapest hotel,the grand budapest hotel_2014
1523,,2015,87,DOCUMENTARY (Feature),"Laura Poitras, Mathilde Bonnefoy and Dirk Wilutzky",CitizenFour,citizenfour,citizenfour_2014
1524,,2015,87,DOCUMENTARY (Short Subject),Ellen Goosenberg Kent and Dana Perry,Crisis Hotline: Veterans Press 1,crisis hotline: veterans press 1,crisis hotline: veterans press 1_2014
1525,,2015,87,FILM EDITING,Tom Cross,Whiplash,whiplash,whiplash_2014
1526,,2015,87,FOREIGN LANGUAGE FILM,Poland,Ida,ida,ida_2014
1527,,2015,87,MAKEUP AND HAIRSTYLING,Frances Hannon and Mark Coulier,The Grand Budapest Hotel,the grand budapest hotel,the grand budapest hotel_2014
1528,,2015,87,MUSIC (Original Score),Alexandre Desplat,The Grand Budapest Hotel,the grand budapest hotel,the grand budapest hotel_2014
1529,,2015,87,MUSIC (Original Song),Music and Lyric by John Stephens and Lonnie Lynn,Selma,selma,selma_2014
1530,,2015,87,PRODUCTION DESIGN,Production Design: Adam Stockhausen; Set Decoration: Anna Pinnock,The Grand Budapest Hotel,the grand budapest hotel,the grand budapest hotel_2014
1531,,2015,87,SHORT FILM (Animated),Patrick Osborne and Kristina Reed,Feast,feast,feast_2014
1532,,2015,87,SHORT FILM (Live Action),Mat Kirkby and James Lucas,The Phone Call,the phone call,the phone call_2014
1533,,2015,87,SOUND EDITING,Alan Robert Murray and Bub Asman,American Sniper,american sniper,american sniper_2014
1534,,2015,87,SOUND MIXING,"Craig Mann, Ben Wilkins and Thomas Curley",Whiplash,whiplash,whiplash_2014
1535,,2015,87,VISUAL EFFECTS,"Paul Franklin, Andrew Lockley, Ian Hunter and Scott Fisher",Interstellar,interstellar,interstellar_2014
1536,,2015,87,WRITING (Adapted Screenplay),Written by Graham Moore,The Imitation Game,the imitation game,the imitation game_2014
1537,,2015,87,WRITING (Original Screenplay),"Written by Alejandro G. Iñárritu, Nicolás Giacobone, Alexander Dinelaris, Jr. & Armando Bo",Birdman or (The Unexpected Virtue of Ignorance),birdman or (the unexpected virtue of ignorance),birdman or (the unexpected virtue of ignorance)_2014
1538,,2016,88,ANIMATED FEATURE FILM,Pete Docter and Jonas Rivera,Inside Out,inside out,inside out_2015
1539,,2016,88,BEST PICTURE,"Michael Sugar, Steve Golin, Nicole Rocklin and Blye Pagon Faust, Producers",Spotlight,spotlight,spotlight_2015
1540,,2016,88,CINEMATOGRAPHY,Emmanuel Lubezki,The Revenant,the revenant,the revenant_2015
1541,,2016,88,COSTUME DESIGN,Jenny Beavan,Mad Max: Fury Road,mad max: fury road,mad max: fury road_2015
1542,,2016,88,DOCUMENTARY (Feature),Asif Kapadia and James Gay-Rees,Amy,amy,amy_2015
1543,,2016,88,DOCUMENTARY (Short Subject),Sharmeen Obaid-Chinoy,A Girl in the River: The Price of Forgiveness,a girl in the river: the price of forgiveness,a girl in the river: the price of forgiveness_2015
1544,,2016,88,FILM EDITING,Margaret Sixel,Mad Max: Fury Road,mad max: fury road,mad max: fury road_2015
1545,,2016,88,FOREIGN LANGUAGE FILM,Hungary,Son of Saul,son of saul,son of saul_2015
1546,,2016,88,MAKEUP AND HAIRSTYLING,"Lesley Vanderwalt, Elka Wardega and Damian Martin",Mad Max: Fury Road,mad max: fury road,mad max: fury road_2015
1547,,2016,88,MUSIC (Original Score),Ennio Morricone,The Hateful Eight,the hateful eight,the hateful eight_2015
1548,,2016,88,MUSIC (Original Song),Music and Lyric by Jimmy Napes and Sam Smith,Spectre,spectre,spectre_2015
1549,,2016,88,PRODUCTION DESIGN,Production Design: Colin Gibson; Set Decoration: Lisa Thompson,Mad Max: Fury Road,mad max: fury road,mad max: fury road_2015
1550,,2016,88,SHORT FILM (Animated),Gabriel Osorio and Pato Escala,Bear Story,bear story,bear story_2015
1551,,2016,88,SHORT FILM (Live Action),Benjamin Cleary and Serena Armitage,Stutterer,stutterer,stutterer_2015
1552,,2016,88,SOUND EDITING,Mark Mangini and David White,Mad Max: Fury Road,mad max: fury road,mad max: fury road_2015
1553,,2016,88,SOUND MIXING,"Chris Jenkins, Gregg Rudloff and Ben Osmo",Mad Max: Fury Road,mad max: fury road,mad max: fury road_2015
1554,,2016,88,VISUAL EFFECTS,"Andrew Whitehurst, Paul Norris, Mark Ardington and Sara Bennett",Ex Machina,ex machina,ex machina_2015
1555,,2016,88,WRITING (Adapted Screenplay),Screenplay by Charles Randolph and Adam McKay,The Big Short,the big short,the big short_2015
1556,,2016,88,WRITING (Original Screenplay),Written by Josh Singer & Tom McCarthy,Spotlight,spotlight,spotlight_2015
1557,,2017,89,ANIMATED FEATURE FILM,"Byron Howard, Rich Moore and Clark Spencer",Zootopia,zootopia,zootopia_2016
1558,,2017,89,BEST PICTURE,"Adele Romanski, Dede Gardner and Jeremy Kleiner, Producers",Moonlight,moonlight,moonlight_2016
1559,,2017,89,CINEMATOGRAPHY,Linus Sandgren,La La Land,la la land,la la land_2016
1560,,2017,89,COSTUME DESIGN,Colleen Atwood,Fantastic Beasts and Where to Find Them,fantastic beasts and where to find them,fantastic beasts and where to find them_2016
1561,,2017,89,DOCUMENTARY (Feature),Ezra Edelman and Caroline Waterlow,O.J.: Made in America,oj: made in america,oj: made in america_2016
1562,,2017,89,DOCUMENTARY (Short Subject),Orlando von Einsiedel and Joanna Natasegara,The White Helmets,the white helmets,the white helmets_2016
1563,,2017,89,FILM EDITING,John Gilbert,Hacksaw Ridge,hacksaw ridge,hacksaw ridge_2016
1564,,2017,89,FOREIGN LANGUAGE FILM,Iran,The Salesman,the salesman,the salesman_2016
1565,,2017,89,MAKEUP AND HAIRSTYLING,"Alessandro Bertolazzi, Giorgio Gregorini and Christopher Nelson",Suicide Squad,suicide squad,suicide squad_2016
1566,,2017,89,MUSIC (Original Score),Justin Hurwitz,La La Land,la la land,la la land_2016
1567,,2017,89,MUSIC (Original Song),Music by Justin Hurwitz; Lyric by Benj Pasek and Justin Paul,La La Land,la la land,la la land_2016
1568,,2017,89,PRODUCTION DESIGN,Production Design: David Wasco; Set Decoration: Sandy Reynolds-Wasco,La La Land,la la land,la la land_2016
1569,,2017,89,SHORT FILM (Animated),Alan Barillaro and Marc Sondheimer,Piper,piper,piper_2016
1570,,2017,89,SHORT FILM (Live Action),Kristof Deák and Anna Udvardy,Sing,sing,sing_2016
1571,,2017,89,SOUND EDITING,Sylvain Bellemare,Arrival,arrival,arrival_2016
1572,,2017,89,SOUND MIXING,"Kevin O'Connell, Andy Wright, Robert Mackenzie and Peter Grace",Hacksaw Ridge,hacksaw ridge,hacksaw ridge_2016
1573,,2017,89,VISUAL EFFECTS,"Robert Legato, Adam Valdez, Andrew R. Jones and Dan Lemmon",The Jungle Book,the jungle book,the jungle book_2016
1574,,2017,89,WRITING (Adapted Screenplay),Screenplay by Barry Jenkins; Story by Tarell Alvin McCraney,Moonlight,moonlight,moonlight_2016
1575,,2017,89,WRITING (Original Screenplay),Written by Kenneth Lonergan,Manchester by the Sea,manchester by the sea,manchester by the sea_2016
1576,,2018,90,ANIMATED FEATURE FILM,Lee Unkrich and Darla K. Anderson,Coco,coco,coco_2017
1577,,2018,90,BEST PICTURE,"Guillermo del Toro and J. Miles Dale, Producers",The Shape of Water,the shape of water,the shape of water_2017
1578,,2018,90,CINEMATOGRAPHY,Roger A. Deakins,Blade Runner 2049,blade runner 2049,blade runner 2049_2017
1579,,2018,90,COSTUME DESIGN,Mark Bridges,Phantom Thread,phantom thread,phantom thread_2017
1580,,2018,90,DOCUMENTARY (Feature),Bryan Fogel and Dan Cogan,Icarus,icarus,icarus_2017
1581,,2018,90,DOCUMENTARY (Short Subject),Frank Stiefel,Heaven Is a Traffic Jam on the 405,heaven is a traffic jam on the 405,heaven is a traffic jam on the 405_2017
1582,,2018,90,FILM EDITING,Lee Smith,Dunkirk,dunkirk,dunkirk_2017
1583,,2018,90,FOREIGN LANGUAGE FILM,Chile,A Fantastic Woman,a fantastic woman,a fantastic woman_2017
1584,,2018,90,MAKEUP AND HAIRSTYLING,"Kazuhiro Tsuji, David Malinowski and Lucy Sibbick",Darkest Hour,darkest hour,darkest hour_2017
1585,,2018,90,MUSIC (Original Score),Alexandre Desplat,The Shape of Water,the shape of water,the shape of water_2017
1586,,2018,90,MUSIC (Original Song),Music and Lyric by Kristen Anderson-Lopez and Robert Lopez,Coco,coco,coco_2017
1587,,2018,90,PRODUCTION DESIGN,Production Design: Paul Denham Austerberry; Set Decoration: Shane Vieau and Jeffrey A. Melvin,The Shape of Water,the shape of water,the shape of water_2017
1588,,2018,90,SHORT FILM (Animated),Glen Keane and Kobe Bryant,Dear Basketball,dear basketball,dear basketball_2017
1589,,2018,90,SHORT FILM (Live Action),Chris Overton and Rachel Shenton,The Silent Child,the silent child,the silent child_2017
1590,,2018,90,SOUND EDITING,Richard King and Alex Gibson,Dunkirk,dunkirk,dunkirk_2017
1591,,2018,90,SOUND MIXING,"Gregg Landaker, Gary A. Rizzo and Mark Weingarten",Dunkirk,dunkirk,dunkirk_2017
1592,,2018,90,VISUAL EFFECTS,"John Nelson, Gerd Nefzer, Paul Lambert and Richard R. Hoover",Blade Runner 2049,blade runner 2049,blade runner 2049_2017
1593,,2018,90,WRITING (Adapted Screenplay),Screenplay by James Ivory,Call Me by Your Name,call me by your name,call me by your name_2017
1594,,2018,90,WRITING (Original Screenplay),Written by Jordan Peele,Get Out,get out,get out_2017
1595,,2019,91,ANIMATED FEATURE FILM,"Bob Persichetti, Peter Ramsey, Rodney Rothman, Phil Lord and Christopher Miller",Spider-Man: Into the Spider-Verse,spider man: into the spider verse,spider man: into the spider verse_2018
1596,,2019,91,BEST PICTURE,"Jim Burke, Charles B. Wessler, Brian Currie, Peter Farrelly and Nick Vallelonga, Producers",Green Book,green book,green book_2018
1597,,2019,91,CINEMATOGRAPHY,Alfonso Cuarón,Roma,roma,roma_2018
1598,,2019,91,COSTUME DESIGN,Ruth Carter,Black Panther,black panther,black panther_2018
1599,,2019,91,DOCUMENTARY (Feature),"Elizabeth Chai Vasarhelyi, Jimmy Chin, Evan Hayes and Shannon Dill",Free Solo,free solo,free solo_2018
1600,,2019,91,DOCUMENTARY (Short Subject),Rayka Zehtabchi and Melissa Berton,Period. End of Sentence.,period end of sentence,period end of sentence_2018
1601,,2019,91,FILM EDITING,John Ottman,Bohemian Rhapsody,bohemian rhapsody,bohemian rhapsody_2018
1602,,2019,91,FOREIGN LANGUAGE FILM,Mexico,Roma,roma,roma_2018
1603,,2019,91,MAKEUP AND HAIRSTYLING,"Greg Cannom, Kate Biscoe and Patricia Dehaney",Vice,vice,vice_2018
1604,,2019,91,MUSIC (Original Score),Ludwig Goransson,Black Panther,black panther,black panther_2018
1605,,2019,91,MUSIC (Original Song),"Music and Lyric by Lady Gaga, Mark Ronson, Anthony Rossomando and Andrew Wyatt",A Star Is Born,a star is born,a star is born_2018
1606,,2019,91,PRODUCTION DESIGN,Production Design: Hannah Beachler; Set Decoration: Jay Hart,Black Panther,black panther,black panther_2018
1607,,2019,91,SHORT FILM (Animated),Domee Shi and Becky Neiman-Cobb,Bao,bao,bao_2018
1608,,2019,91,SHORT FILM (Live Action),Guy Nattiv and Jaime Ray Newman,Skin,skin,skin_2018
1609,,2019,91,SOUND EDITING,John Warhurst and Nina Hartstone,Bohemian Rhapsody,bohemian rhapsody,bohemian rhapsody_2018
1610,,2019,91,SOUND MIXING,"Paul Massey, Tim Cavagin and John Casali",Bohemian Rhapsody,bohemian rhapsody,bohemian rhapsody_2018
1611,,2019,91,VISUAL EFFECTS,"Paul Lambert, Ian Hunter, Tristan Myles and J.D. Schwalm",First Man,first man,first man_2018
1612,,2019,91,WRITING (Adapted Screenplay),Written by Charlie Wachtel & David Rabinowitz and Kevin Willmott & Spike Lee,BlacKkKlansman,blackkklansman,blackkklansman_2018
1613,,2019,91,WRITING (Original Screenplay),"Written by Nick Vallelonga, Brian Currie, Peter Farrelly",Green Book,green book,green book_2018
1614,,2020,92,ANIMATED FEATURE FILM,"Josh Cooley, Mark Nielsen and Jonas Rivera",Toy Story 4,toy story 4,toy story 4_2019
1615,,2020,92,BEST PICTURE,"Kwak Sin Ae and Bong Joon Ho, Producers",Parasite,parasite,parasite_2019
1616,,2020,92,CINEMATOGRAPHY,Roger Deakins,1917,1917,1917_2019
1617,,2020,92,COSTUME DESIGN,Jacqueline Durran,Little Women,little women,little women_2019
1618,,2020,92,DOCUMENTARY (Feature),"Steven Bognar, Julia Reichert and Jeff Reichert",American Factory,american factory,american factory_2019
1619,,2020,92,DOCUMENTARY (Short Subject),Carol Dysinger and Elena Andreicheva,Learning to Skateboard in a Warzone (If You're a Girl),learning to skateboard in a warzone (if you're a girl),learning to skateboard in a warzone (if you're a girl)_2019
1620,,2020,92,FILM EDITING,Michael McCusker and Andrew Buckland,Ford v Ferrari,ford v ferrari,ford v ferrari_2019
1621,,2020,92,INTERNATIONAL FEATURE FILM,South Korea,Parasite,parasite,parasite_2019
1622,,2020,92,MAKEUP AND HAIRSTYLING,"Kazu Hiro, Anne Morgan and Vivian Baker",Bombshell,bombshell,bombshell_2019
1623,,2020,92,MUSIC (Original Score),Hildur Guðnadóttir,Joker,joker,joker_2019
1624,,2020,92,MUSIC (Original Song),Music by Elton John; Lyric by Bernie Taupin,Rocketman,rocketman,rocketman_2019
1625,,2020,92,PRODUCTION DESIGN,Production Design: Barbara Ling; Set Decoration: Nancy Haigh,Once upon a Time...in Hollywood,once upon a timein hollywood,once upon a timein hollywood_2019
1626,,2020,92,SHORT FILM (Animated),Matthew A. Cherry and Karen Rupert Toliver,Hair Love,hair love,hair love_2019
1627,,2020,92,SHORT FILM (Live Action),Marshall Curry,The Neighbors' Window,the neighbors' window,the neighbors' window_2019
1628,,2020,92,SOUND EDITING,Donald Sylvester,Ford v Ferrari,ford v ferrari,ford v ferrari_2019
1629,,2020,92,SOUND MIXING,Mark Taylor and Stuart Wilson,1917,1917,1917_2019
1630,,2020,92,VISUAL EFFECTS,"Guillaume Rocheron, Greg Butler and Dominic Tuohy",1917,1917,1917_2019
1631,,2020,92,WRITING (Adapted Screenplay),Screenplay by Taika Waititi,Jojo Rabbit,jojo rabbit,jojo rabbit_2019
1632,,2020,92,WRITING (Original Screenplay),"Screenplay by Bong Joon Ho, Han Jin Won; Story by Bong Joon Ho",Parasite,parasite,parasite_2019
1633,,2021,93,ANIMATED FEATURE FILM,Pete Docter and Dana Murray,Soul,soul,soul_2020
1634,,2021,93,BEST PICTURE,"Frances McDormand, Peter Spears, Mollye Asher, Dan Janvey and Chloé Zhao, Producers",Nomadland,nomadland,nomadland_2020
1635,,2021,93,CINEMATOGRAPHY,Erik Messerschmidt,Mank,mank,mank_2020
1636,,2021,93,COSTUME DESIGN,Ann Roth,Ma Rainey's Black Bottom,ma rainey's black bottom,ma rainey's black bottom_2020
1637,,2021,93,DOCUMENTARY (Feature),"Pippa Ehrlich, James Reed and Craig Foster",My Octopus Teacher,my octopus teacher,my octopus teacher_2020
1638,,2021,93,DOCUMENTARY (Short Subject),Anthony Giacchino and Alice Doyard,Colette,colette,colette_2020
1639,,2021,93,FILM EDITING,Mikkel E. G. Nielsen,Sound of Metal,sound of metal,sound of metal_2020
1640,,2021,93,INTERNATIONAL FEATURE FILM,Denmark,Another Round,another round,another round_2020
1641,,2021,93,MAKEUP AND HAIRSTYLING,"Sergio Lopez-Rivera, Mia Neal and Jamika Wilson",Ma Rainey's Black Bottom,ma rainey's black bottom,ma rainey's black bottom_2020
1642,,2021,93,MUSIC (Original Score),"Trent Reznor, Atticus Ross and Jon Batiste",Soul,soul,soul_2020
1643,,2021,93,MUSIC (Original Song),Music by H.E.R. and Dernst Emile II; Lyric by H.E.R. and Tiara Thomas,Judas and the Black Messiah,judas and the black messiah,judas and the black messiah_2020
1644,,2021,93,PRODUCTION DESIGN,Production Design: Donald Graham Burt; Set Decoration: Jan Pascale,Mank,mank,mank_2020
1645,,2021,93,SHORT FILM (Animated),Will McCormack and Michael Govier,If Anything Happens I Love You,if anything happens i love you,if anything happens i love you_2020
1646,,2021,93,SHORT FILM (Live Action),Travon Free and Martin Desmond Roe,Two Distant Strangers,two distant strangers,two distant strangers_2020
1647,,2021,93,SOUND,"Nicolas Becker, Jaime Baksht, Michellee Couttolenc, Carlos Cortés and Phillip Bladh",Sound of Metal,sound of metal,sound of metal_2020
1648,,2021,93,VISUAL EFFECTS,"Andrew Jackson, David Lee, Andrew Lockley and Scott Fisher",Tenet,tenet,tenet_2020
1649,,2021,93,WRITING (Adapted Screenplay),Screenplay by Christopher Hampton and Florian Zeller,The Father,the father,the father_2020
1650,,2021,93,WRITING (Original Screenplay),Written by Emerald Fennell,Promising Young Woman,promising young woman,promising young woman_2020
1651,,2022,94,ANIMATED FEATURE FILM,"Jared Bush, Byron Howard, Yvett Merino and Clark Spencer",Encanto,encanto,encanto_2021
1652,,2022,94,BEST PICTURE,"Philippe Rousselet, Fabrice Gianfermi and Patrick Wachsberger, Producers",CODA,coda,coda_2021
1653,,2022,94,CINEMATOGRAPHY,Greig Fraser,Dune,dune,dune_2021
1654,,2022,94,COSTUME DESIGN,Jenny Beavan,Cruella,cruella,cruella_2021
1655,,2022,94,DOCUMENTARY (Feature),"Ahmir ""Questlove"" Thompson, Joseph Patel, Robert Fyvolent and David Dinerstein","Summer of Soul (...Or, When the Revolution Could Not Be Televised)","summer of soul (or, when the revolution could not be televised)","summer of soul (or, when the revolution could not be televised)_2021"
1656,,2022,94,DOCUMENTARY (Short Subject),Ben Proudfoot,The Queen of Basketball,the queen of basketball,the queen of basketball_2021
1657,,2022,94,FILM EDITING,Joe Walker,Dune,dune,dune_2021
1658,,2022,94,INTERNATIONAL FEATURE FILM,Japan,Drive My Car,drive my car,drive my car_2021
1659,,2022,94,MAKEUP AND HAIRSTYLING,"Linda Dowds, Stephanie Ingram and Justin Raleigh",The Eyes of Tammy Faye,the eyes of tammy faye,the eyes of tammy faye_2021
1660,,2022,94,MUSIC (Original Score),Hans Zimmer,Dune,dune,dune_2021
1661,,2022,94,MUSIC (Original Song),Music and Lyric by Billie Eilish and Finneas O'Connell,No Time to Die,no time to die,no time to die_2021
1662,,2022,94,PRODUCTION DESIGN,Production Design: Patrice Vermette; Set Decoration: Zsuzsanna Sipos,Dune,dune,dune_2021
1663,,2022,94,SHORT FILM (Animated),Alberto Mielgo and Leo Sanchez,The Windshield Wiper,the windshield wiper,the windshield wiper_2021
1664,,2022,94,SHORT FILM (Live Action),Aneil Karia and Riz Ahmed,The Long Goodbye,the long goodbye,the long goodbye_2021
1665,,2022,94,SOUND,"Mac Ruth, Mark Mangini, Theo Green, Doug Hemphill and Ron Bartlett",Dune,dune,dune_2021
1666,,2022,94,VISUAL EFFECTS,"Paul Lambert, Tristan Myles, Brian Connor and Gerd Nefzer",Dune,dune,dune_2021
1667,,2022,94,WRITING (Adapted Screenplay),Screenplay by Siân Heder,CODA,coda,coda_2021
1668,,2022,94,WRITING (Original Screenplay),Written by Kenneth Branagh,Belfast,belfast,belfast_2021
1669,,2023,95,ANIMATED FEATURE FILM,"Guillermo del Toro, Mark Gustafson, Gary Ungar and Alex Bulkley",Guillermo del Toro's Pinocchio,guillermo del toro's pinocchio,guillermo del toro's pinocchio_2022
1670,,2023,95,AWARD OF COMMENDATION,To Ryan Laney for his innovative adaptation and deployment of AI-driven facial veiling technology used to protect the identities while preserving the visual relatability of subjects in documentary filmmaking as exemplified in Welcome to Chechnya (2020).,Welcome to Chechnya,welcome to chechnya,welcome to chechnya_2022
1671,,2023,95,BEST PICTURE,"Daniel Kwan, Daniel Scheinert and Jonathan Wang, Producers",Everything Everywhere All at Once,everything everywhere all at once,everything everywhere all at once_2022
1672,,2023,95,CINEMATOGRAPHY,James Friend,All Quiet on the Western Front,all quiet on the western front,all quiet on the western front_2022
1673,,2023,95,COSTUME DESIGN,Ruth Carter,Black Panther: Wakanda Forever,black panther: wakanda forever,black panther: wakanda forever_2022
1674,,2023,95,DOCUMENTARY FEATURE FILM,"Daniel Roher, Odessa Rae, Diane Becker, Melanie Miller and Shane Boris",Navalny,navalny,navalny_2022
1675,,2023,95,DOCUMENTARY SHORT FILM,Kartiki Gonsalves and Guneet Monga,The Elephant Whisperers,the elephant whisperers,the elephant whisperers_2022
1676,,2023,95,FILM EDITING,Paul Rogers,Everything Everywhere All at Once,everything everywhere all at once,everything everywhere all at once_2022
1677,,2023,95,INTERNATIONAL FEATURE FILM,Germany,All Quiet on the Western Front,all quiet on the western front,all quiet on the western front_2022
1678,,2023,95,MAKEUP AND HAIRSTYLING,"Adrien Morot, Judy Chin and Annemarie Bradley",The Whale,the whale,the whale_2022
1679,,2023,95,MUSIC (Original Score),Volker Bertelmann,All Quiet on the Western Front,all quiet on the western front,all quiet on the western front_2022
1680,,2023,95,MUSIC (Original Song),Music by M.M. Keeravaani; Lyric by Chandrabose,RRR,rrr,rrr_2022
1681,,2023,95,PRODUCTION DESIGN,Production Design: Christian M. Goldbeck; Set Decoration: Ernestine Hipper,All Quiet on the Western Front,all quiet on the western front,all quiet on the western front_2022
1682,,2023,95,SHORT FILM (Animated),Charlie Mackesy and Matthew Freud,"The Boy, the Mole, the Fox and the Horse","the boy, the mole, the fox and the horse","the boy, the mole, the fox and the horse_2022"
1683,,2023,95,SHORT FILM (Live Action),Tom Berkeley and Ross White,An Irish Goodbye,an irish goodbye,an irish goodbye_2022
1684,,2023,95,SOUND,"Mark Weingarten, James H. Mather, Al Nelson, Chris Burdon and Mark Taylor",Top Gun: Maverick,top gun: maverick,top gun: maverick_2022
1685,,2023,95,VISUAL EFFECTS,"Joe Letteri, Richard Baneham, Eric Saindon and Daniel Barrett",Avatar: The Way of Water,avatar: the way of water,avatar: the way of water_2022
1686,,2023,95,WRITING (Adapted Screenplay),Screenplay by Sarah Polley,Women Talking,women talking,women talking_2022
1687,,2023,95,WRITING (Original Screenplay),Written by Daniel Kwan & Daniel Scheinert,Everything Everywhere All at Once,everything everywhere all at once,everything everywhere all at once_2022
1688,,2024,96,ANIMATED FEATURE FILM,Hayao Miyazaki and Toshio Suzuki,The Boy and the Heron,the boy and the heron,the boy and the heron_2023
1689,,2024,96,BEST PICTURE,"Emma Thomas, Charles Roven and Christopher Nolan, Producers",Oppenheimer,oppenheimer,oppenheimer_2023
1690,,2024,96,CINEMATOGRAPHY,Hoyte van Hoytema,Oppenheimer,oppenheimer,oppenheimer_2023
1691,,2024,96,COSTUME DESIGN,Holly Waddington,Poor Things,poor things,poor things_2023
1692,,2024,96,DOCUMENTARY FEATURE FILM,"Mstyslav Chernov, Michelle Mizner and Raney Aronson-Rath",20 Days in Mariupol,20 days in mariupol,20 days in mariupol_2023
1693,,2024,96,DOCUMENTARY SHORT FILM,Ben Proudfoot and Kris Bowers,The Last Repair Shop,the last repair shop,the last repair shop_2023
1694,,2024,96,FILM EDITING,Jennifer Lame,Oppenheimer,oppenheimer,oppenheimer_2023
1695,,2024,96,INTERNATIONAL FEATURE FILM,United Kingdom,The Zone of Interest,the zone of interest,the zone of interest_2023
1696,,2024,96,MAKEUP AND HAIRSTYLING,"Nadia Stacey, Mark Coulier and Josh Weston",Poor Things,poor things,poor things_2023
1697,,2024,96,MUSIC (Original Score),Ludwig Göransson,Oppenheimer,oppenheimer,oppenheimer_2023
1698,,2024,96,MUSIC (Original Song),Music and Lyric by Billie Eilish and Finneas O'Connell,Barbie,barbie,barbie_2023
1699,,2024,96,PRODUCTION DESIGN,Production Design: James Price and Shona Heath; Set Decoration: Zsuzsa Mihalek,Poor Things,poor things,poor things_2023
1700,,2024,96,SHORT FILM (Animated),Dave Mullins and Brad Booker,WAR IS OVER! Inspired by the Music of John & Yoko,war is over! inspired by the music of john & yoko,war is over! inspired by the music of john & yoko_2023
1701,,2024,96,SHORT FILM (Live Action),Wes Anderson and Steven Rales,The Wonderful Story of Henry Sugar,the wonderful story of henry sugar,the wonderful story of henry sugar_2023
1702,,2024,96,SOUND,Tarn Willers and Johnnie Burn,The Zone of Interest,the zone of interest,the zone of interest_2023
1703,,2024,96,VISUAL EFFECTS,"Takashi Yamazaki, Kiyoko Shibuya, Masaki Takahashi and Tatsuji Nojima",Godzilla Minus One,godzilla minus one,godzilla minus one_2023
1704,,2024,96,WRITING (Adapted Screenplay),Written for the screen by Cord Jefferson,American Fiction,american fiction,american fiction_2023
1705,,2024,96,WRITING (Original Screenplay),Screenplay - Justine Triet and Arthur Harari,Anatomy of a Fall,anatomy of a fall,anatomy of a fall_2023
